word,corpus,freq
7up,fra_jsi_newsfeed_virt,0
Abribus,fra_jsi_newsfeed_virt,7306
Absolut,fra_jsi_newsfeed_virt,9309
Actimel,fra_jsi_newsfeed_virt,228
Activia,fra_jsi_newsfeed_virt,540
Adidas,fra_jsi_newsfeed_virt,28277
Adolfo Domínguez,fra_jsi_newsfeed_virt,9
After Eight,fra_jsi_newsfeed_virt,75
Airbnb,fra_jsi_newsfeed_virt,52059
Airbus,fra_jsi_newsfeed_virt,160552
AirPods,fra_jsi_newsfeed_virt,26493
AirWick,fra_jsi_newsfeed_virt,12
Aixam,fra_jsi_newsfeed_virt,272
Ajax,fra_jsi_newsfeed_virt,57068
Albal,fra_jsi_newsfeed_virt,2542
Alexander McQueen,fra_jsi_newsfeed_virt,2567
Alfa Romeo,fra_jsi_newsfeed_virt,13259
All-Bran,fra_jsi_newsfeed_virt,50
Antikal,fra_jsi_newsfeed_virt,4
Apaysil,fra_jsi_newsfeed_virt,3
Apéricube,fra_jsi_newsfeed_virt,118
Aquafresh,fra_jsi_newsfeed_virt,33
Asics,fra_jsi_newsfeed_virt,3707
Aspirine,fra_jsi_newsfeed_virt,5287
Aston Martin,fra_jsi_newsfeed_virt,17912
Auchan,fra_jsi_newsfeed_virt,42153
Audi,fra_jsi_newsfeed_virt,1730826
BABY born,fra_jsi_newsfeed_virt,26
Babybel,fra_jsi_newsfeed_virt,1048
Bacardí,fra_jsi_newsfeed_virt,96
Badoit,fra_jsi_newsfeed_virt,344
Balenciaga,fra_jsi_newsfeed_virt,5036
Ballantine's,fra_jsi_newsfeed_virt,0
Balmain,fra_jsi_newsfeed_virt,4912
Banania,fra_jsi_newsfeed_virt,749
Barbie,fra_jsi_newsfeed_virt,38321
Bateaux-Mouches,fra_jsi_newsfeed_virt,596
Beautyblender,fra_jsi_newsfeed_virt,62
Bentley,fra_jsi_newsfeed_virt,12905
Betadine,fra_jsi_newsfeed_virt,120
Biafine,fra_jsi_newsfeed_virt,221
Bic,fra_jsi_newsfeed_virt,10738
Bisolvon,fra_jsi_newsfeed_virt,24
Blablacar,fra_jsi_newsfeed_virt,10402
Blanco,fra_jsi_newsfeed_virt,10880
Blédichef,fra_jsi_newsfeed_virt,1
Blédidej,fra_jsi_newsfeed_virt,0
Blédilait,fra_jsi_newsfeed_virt,8
Blédina,fra_jsi_newsfeed_virt,491
Blédine,fra_jsi_newsfeed_virt,24
Blédîner,fra_jsi_newsfeed_virt,0
BMW,fra_jsi_newsfeed_virt,112839
BN,fra_jsi_newsfeed_virt,2442
Ace,fra_jsi_newsfeed_virt,10980
Botox,fra_jsi_newsfeed_virt,4445
Boules Quies,fra_jsi_newsfeed_virt,440
Bounty,fra_jsi_newsfeed_virt,4246
Boursin,fra_jsi_newsfeed_virt,823
Brita,fra_jsi_newsfeed_virt,988564
Brother,fra_jsi_newsfeed_virt,28090
Buckler,fra_jsi_newsfeed_virt,72
Bud,fra_jsi_newsfeed_virt,2884
Bugatti,fra_jsi_newsfeed_virt,14775
Burberry,fra_jsi_newsfeed_virt,7021
Bvlgari,fra_jsi_newsfeed_virt,621
Caddie,fra_jsi_newsfeed_virt,8642
Cadillac,fra_jsi_newsfeed_virt,11274
Cajoline,fra_jsi_newsfeed_virt,42
Calgon,fra_jsi_newsfeed_virt,98
Calvin Klein,fra_jsi_newsfeed_virt,3861
Camel,fra_jsi_newsfeed_virt,12133
Camper,fra_jsi_newsfeed_virt,61163
Campingaz,fra_jsi_newsfeed_virt,89
Canard,fra_jsi_newsfeed_virt,86732
Canson,fra_jsi_newsfeed_virt,1220
Caprice des Dieux,fra_jsi_newsfeed_virt,281
Carambar,fra_jsi_newsfeed_virt,1783
Carioca,fra_jsi_newsfeed_virt,3920
Carolina Herrera,fra_jsi_newsfeed_virt,653
Carrera,fra_jsi_newsfeed_virt,6337
Cartier,fra_jsi_newsfeed_virt,42357
Casio,fra_jsi_newsfeed_virt,2176580
Catisfactions,fra_jsi_newsfeed_virt,1
Cello-tape,fra_jsi_newsfeed_virt,0
Cellophane,fra_jsi_newsfeed_virt,1493
Chamallows,fra_jsi_newsfeed_virt,363
Chanel,fra_jsi_newsfeed_virt,34786
Chevrolet,fra_jsi_newsfeed_virt,15894
Chips ahoy,fra_jsi_newsfeed_virt,11
Chloé,fra_jsi_newsfeed_virt,45076
Chocapic,fra_jsi_newsfeed_virt,306
Christian Louboutin,fra_jsi_newsfeed_virt,1549
Chrysler,fra_jsi_newsfeed_virt,21929
Chupachups,fra_jsi_newsfeed_virt,2
Cillit Bang,fra_jsi_newsfeed_virt,33
Citroën,fra_jsi_newsfeed_virt,67987
Clarisonic,fra_jsi_newsfeed_virt,133
Clearblue,fra_jsi_newsfeed_virt,55
Coca Cola,fra_jsi_newsfeed_virt,2534
Coco Pops,fra_jsi_newsfeed_virt,70
Cocotte-Minute,fra_jsi_newsfeed_virt,2365
Colgate,fra_jsi_newsfeed_virt,1836
Contrex,fra_jsi_newsfeed_virt,1104
Converse,fra_jsi_newsfeed_virt,11174
Corona,fra_jsi_newsfeed_virt,1217168
Coton-tige,fra_jsi_newsfeed_virt,2414
Cracotte,fra_jsi_newsfeed_virt,97
Crayola,fra_jsi_newsfeed_virt,270
Cromalin,fra_jsi_newsfeed_virt,4
Cubitainer,fra_jsi_newsfeed_virt,207
Cutex,fra_jsi_newsfeed_virt,12
Danette,fra_jsi_newsfeed_virt,502
Danonino,fra_jsi_newsfeed_virt,114
Desigual,fra_jsi_newsfeed_virt,1059
Desperados,fra_jsi_newsfeed_virt,911
Dictaphone,fra_jsi_newsfeed_virt,1683
Digicode,fra_jsi_newsfeed_virt,1051
Dom Pérignon,fra_jsi_newsfeed_virt,906
Doritos,fra_jsi_newsfeed_virt,734
Dr Pepper,fra_jsi_newsfeed_virt,395
Dr. Martens,fra_jsi_newsfeed_virt,29
Duracell,fra_jsi_newsfeed_virt,640
Durex,fra_jsi_newsfeed_virt,716
Dymo,fra_jsi_newsfeed_virt,1482
Ebly,fra_jsi_newsfeed_virt,605
Elseve,fra_jsi_newsfeed_virt,51
Emporio Armani,fra_jsi_newsfeed_virt,720
Epilady,fra_jsi_newsfeed_virt,6
Escalator,fra_jsi_newsfeed_virt,3955
Esquimaux,fra_jsi_newsfeed_virt,711
Evian,fra_jsi_newsfeed_virt,20957
Excel,fra_jsi_newsfeed_virt,671990
Fairy,fra_jsi_newsfeed_virt,2042
Fanta,fra_jsi_newsfeed_virt,283137
Febreze,fra_jsi_newsfeed_virt,129
Fermeture Éclair,fra_jsi_newsfeed_virt,1917
Ferrero Rocher,fra_jsi_newsfeed_virt,352
Fiat,fra_jsi_newsfeed_virt,50590
Fibrociment,fra_jsi_newsfeed_virt,656
Ficello,fra_jsi_newsfeed_virt,41
Figolu,fra_jsi_newsfeed_virt,250
Fixodent,fra_jsi_newsfeed_virt,3
Fluimucil,fra_jsi_newsfeed_virt,42
Flunch,fra_jsi_newsfeed_virt,1435
Ford,fra_jsi_newsfeed_virt,345287
Foreo,fra_jsi_newsfeed_virt,217
Formica,fra_jsi_newsfeed_virt,1318
Freedent,fra_jsi_newsfeed_virt,63
Frigidaire,fra_jsi_newsfeed_virt,2110
Frisbee,fra_jsi_newsfeed_virt,2011
Frosties,fra_jsi_newsfeed_virt,95
Fruit d'or,fra_jsi_newsfeed_virt,0
Furby,fra_jsi_newsfeed_virt,199
Fuze Tea,fra_jsi_newsfeed_virt,79
Garnier,fra_jsi_newsfeed_virt,30770
Gatorade,fra_jsi_newsfeed_virt,680
Gavottes,fra_jsi_newsfeed_virt,371
Géant vert,fra_jsi_newsfeed_virt,1161
Gibson,fra_jsi_newsfeed_virt,11910
Gillette,fra_jsi_newsfeed_virt,2555
Giorgio Armani,fra_jsi_newsfeed_virt,2339
Gomina,fra_jsi_newsfeed_virt,601
Google,fra_jsi_newsfeed_virt,699695
H&S,fra_jsi_newsfeed_virt,0
Harley-Davidson,fra_jsi_newsfeed_virt,6224
Havaianas,fra_jsi_newsfeed_virt,390
Heineken,fra_jsi_newsfeed_virt,5249
Hépar,fra_jsi_newsfeed_virt,837
Hermès,fra_jsi_newsfeed_virt,20320
Honda,fra_jsi_newsfeed_virt,70990
Hot Wheels,fra_jsi_newsfeed_virt,791
Hula Hoop,fra_jsi_newsfeed_virt,308
Hunter,fra_jsi_newsfeed_virt,25711
Ibanez,fra_jsi_newsfeed_virt,3767
Infographie,fra_jsi_newsfeed_virt,27219
Intercités,fra_jsi_newsfeed_virt,11569
Invisalign,fra_jsi_newsfeed_virt,160
iPad,fra_jsi_newsfeed_virt,118136
Iphone,fra_jsi_newsfeed_virt,432437
Jacuzzi,fra_jsi_newsfeed_virt,5673
Jaguar,fra_jsi_newsfeed_virt,32299
Jeep,fra_jsi_newsfeed_virt,28455
Jimmy Choo,fra_jsi_newsfeed_virt,1363
Jordan,fra_jsi_newsfeed_virt,239752
JumboTron,fra_jsi_newsfeed_virt,28
K-Way,fra_jsi_newsfeed_virt,1061
Kärcher,fra_jsi_newsfeed_virt,1173
Kawasaki,fra_jsi_newsfeed_virt,10608
Kellogg's,fra_jsi_newsfeed_virt,0
Kellogg’s Corn Flakes,fra_jsi_newsfeed_virt,0
Kérosène,fra_jsi_newsfeed_virt,9974
Kinder,fra_jsi_newsfeed_virt,7805
Kinder Bueno,fra_jsi_newsfeed_virt,324
Kinder Schoko-Bons,fra_jsi_newsfeed_virt,17
Kinder Surprise,fra_jsi_newsfeed_virt,658
Kiri,fra_jsi_newsfeed_virt,33198
KitKat,fra_jsi_newsfeed_virt,2603
Klaxon,fra_jsi_newsfeed_virt,17248
Kleenex,fra_jsi_newsfeed_virt,1375
Knacki,fra_jsi_newsfeed_virt,372
Kodak,fra_jsi_newsfeed_virt,3968
Kub Or/Bouillon Kub,fra_jsi_newsfeed_virt,0
La Laitière,fra_jsi_newsfeed_virt,510
La Poste,fra_jsi_newsfeed_virt,157909
La vache qui rit,fra_jsi_newsfeed_virt,1071
Labello,fra_jsi_newsfeed_virt,298
Lacoste,fra_jsi_newsfeed_virt,14195
Lamborghini,fra_jsi_newsfeed_virt,17779
Land Rover,fra_jsi_newsfeed_virt,13414
Lay's,fra_jsi_newsfeed_virt,0
Lego,fra_jsi_newsfeed_virt,39695
Leroy Merlin,fra_jsi_newsfeed_virt,4639
Levi's,fra_jsi_newsfeed_virt,0
Linoleum,fra_jsi_newsfeed_virt,53
Lipton,fra_jsi_newsfeed_virt,1655
Listerine,fra_jsi_newsfeed_virt,100
Loctite,fra_jsi_newsfeed_virt,109
Loewe,fra_jsi_newsfeed_virt,1907
Longchamp,fra_jsi_newsfeed_virt,9771
Louis Vuitton,fra_jsi_newsfeed_virt,16430
Lycra,fra_jsi_newsfeed_virt,1489
Lyocell,fra_jsi_newsfeed_virt,149
M&M's,fra_jsi_newsfeed_virt,0
MacBook,fra_jsi_newsfeed_virt,43173
Magnum,fra_jsi_newsfeed_virt,7436
Maizena,fra_jsi_newsfeed_virt,25
Malabar,fra_jsi_newsfeed_virt,1565
Manolo Blahnik,fra_jsi_newsfeed_virt,455
Marlboro,fra_jsi_newsfeed_virt,2938
Martini,fra_jsi_newsfeed_virt,70467
Mauser,fra_jsi_newsfeed_virt,407
Meccano,fra_jsi_newsfeed_virt,1230
Mentos,fra_jsi_newsfeed_virt,1108
Mercalm,fra_jsi_newsfeed_virt,56
Mercedes-Benz,fra_jsi_newsfeed_virt,16017
Mercurochrome,fra_jsi_newsfeed_virt,231
Michael Kors,fra_jsi_newsfeed_virt,2403
Michelin,fra_jsi_newsfeed_virt,76155
MINI,fra_jsi_newsfeed_virt,10000000
Mir,fra_jsi_newsfeed_virt,7243
Mobylette,fra_jsi_newsfeed_virt,5277
Moët & Chandon,fra_jsi_newsfeed_virt,0
Monopoly,fra_jsi_newsfeed_virt,6177
Montblanc,fra_jsi_newsfeed_virt,2563
Mousline,fra_jsi_newsfeed_virt,161
Moviola,fra_jsi_newsfeed_virt,41
Mr. Propre,fra_jsi_newsfeed_virt,0
Néoprène,fra_jsi_newsfeed_virt,1201
Nescafé,fra_jsi_newsfeed_virt,1286
Nespresso,fra_jsi_newsfeed_virt,7148
Nesquik,fra_jsi_newsfeed_virt,425
Nestea,fra_jsi_newsfeed_virt,270
Nestlé Nidal,fra_jsi_newsfeed_virt,2
New Balance,fra_jsi_newsfeed_virt,2264
Nike,fra_jsi_newsfeed_virt,40791
Nintendo,fra_jsi_newsfeed_virt,134067
Nivea,fra_jsi_newsfeed_virt,3033432
Nocciolata,fra_jsi_newsfeed_virt,35
Nutella,fra_jsi_newsfeed_virt,8784
Nylon,fra_jsi_newsfeed_virt,5880
Oasis,fra_jsi_newsfeed_virt,25230
Orangina,fra_jsi_newsfeed_virt,1093
Oreo,fra_jsi_newsfeed_virt,8053
Orfidal,fra_jsi_newsfeed_virt,1
Pampers,fra_jsi_newsfeed_virt,1370
Panier de Yoplait,fra_jsi_newsfeed_virt,74
Pantene,fra_jsi_newsfeed_virt,384
Pattex,fra_jsi_newsfeed_virt,20
Pédalo,fra_jsi_newsfeed_virt,4009
Pepsi,fra_jsi_newsfeed_virt,10788
Perfecto,fra_jsi_newsfeed_virt,2195
Perle de lait,fra_jsi_newsfeed_virt,53
Perrier,fra_jsi_newsfeed_virt,11235
Persol,fra_jsi_newsfeed_virt,457
Pescanova,fra_jsi_newsfeed_virt,27
Petit Yoplait,fra_jsi_newsfeed_virt,1
Petits Filous,fra_jsi_newsfeed_virt,98
Peugeot,fra_jsi_newsfeed_virt,114837
Philadelphia,fra_jsi_newsfeed_virt,5949
Photomaton,fra_jsi_newsfeed_virt,1499
Photoshop,fra_jsi_newsfeed_virt,11070
Picard,fra_jsi_newsfeed_virt,104737
Pilot,fra_jsi_newsfeed_virt,804374
Pim's,fra_jsi_newsfeed_virt,0
Ping-Pong,fra_jsi_newsfeed_virt,9308
Pitch,fra_jsi_newsfeed_virt,26766
Placoplâtre,fra_jsi_newsfeed_virt,231
Playboy,fra_jsi_newsfeed_virt,7335
Playmobil,fra_jsi_newsfeed_virt,6219
PlayStation,fra_jsi_newsfeed_virt,89836
Plexiglas,fra_jsi_newsfeed_virt,11431
Pliz,fra_jsi_newsfeed_virt,373
Pokémon,fra_jsi_newsfeed_virt,63292
Polaroid,fra_jsi_newsfeed_virt,3032
Polo,fra_jsi_newsfeed_virt,427903
Pom'Potes,fra_jsi_newsfeed_virt,0
Post-it,fra_jsi_newsfeed_virt,3532
Postéclair,fra_jsi_newsfeed_virt,0
Power Point,fra_jsi_newsfeed_virt,786
Powerade,fra_jsi_newsfeed_virt,250
Primpéran,fra_jsi_newsfeed_virt,38
Prince,fra_jsi_newsfeed_virt,600804
Pringles,fra_jsi_newsfeed_virt,400
PSP,fra_jsi_newsfeed_virt,5220
Ralph Lauren,fra_jsi_newsfeed_virt,3633
RATP,fra_jsi_newsfeed_virt,55291
Ray-Ban,fra_jsi_newsfeed_virt,1095
Reebok,fra_jsi_newsfeed_virt,2381
Reese's,fra_jsi_newsfeed_virt,0
Reflex,fra_jsi_newsfeed_virt,10705
Renault,fra_jsi_newsfeed_virt,259872
Rexona,fra_jsi_newsfeed_virt,130
Ricard,fra_jsi_newsfeed_virt,62930
Rice Krispies,fra_jsi_newsfeed_virt,159
Ricola,fra_jsi_newsfeed_virt,37238
Rimmel,fra_jsi_newsfeed_virt,722
Ripolin,fra_jsi_newsfeed_virt,1084
Ritz,fra_jsi_newsfeed_virt,80544
Roaccutane,fra_jsi_newsfeed_virt,151
Roca,fra_jsi_newsfeed_virt,725979
Rolex,fra_jsi_newsfeed_virt,12463
Rollerblade,fra_jsi_newsfeed_virt,39
Rolls-Royce,fra_jsi_newsfeed_virt,10703
Rosa Clará,fra_jsi_newsfeed_virt,34
Rotring,fra_jsi_newsfeed_virt,76
Rubalise,fra_jsi_newsfeed_virt,1367
Saab,fra_jsi_newsfeed_virt,6865
Sanisette,fra_jsi_newsfeed_virt,579
Sanytol,fra_jsi_newsfeed_virt,43
Scalextric,fra_jsi_newsfeed_virt,32
Scotch,fra_jsi_newsfeed_virt,20742
Scotch Brite,fra_jsi_newsfeed_virt,0
Scottex,fra_jsi_newsfeed_virt,9
Seat,fra_jsi_newsfeed_virt,59423
Sensodyne,fra_jsi_newsfeed_virt,50
Sephora,fra_jsi_newsfeed_virt,8010
Silestone,fra_jsi_newsfeed_virt,12
Silk-épil,fra_jsi_newsfeed_virt,31
Skechers,fra_jsi_newsfeed_virt,418
Skype,fra_jsi_newsfeed_virt,28212
Smart,fra_jsi_newsfeed_virt,797236
SNCF,fra_jsi_newsfeed_virt,240276
Sodexo,fra_jsi_newsfeed_virt,11900
Soignon,fra_jsi_newsfeed_virt,889
Sonotone,fra_jsi_newsfeed_virt,278
Sopalin,fra_jsi_newsfeed_virt,427
Special K,fra_jsi_newsfeed_virt,494
Spontex,fra_jsi_newsfeed_virt,266
Sprite,fra_jsi_newsfeed_virt,1415
St Môret,fra_jsi_newsfeed_virt,40
Stabilo,fra_jsi_newsfeed_virt,543
Stan Smith,fra_jsi_newsfeed_virt,1367
Starbucks,fra_jsi_newsfeed_virt,15443
Strepsils,fra_jsi_newsfeed_virt,86
Suchard,fra_jsi_newsfeed_virt,326
Sugus,fra_jsi_newsfeed_virt,77
Sunny Delight,fra_jsi_newsfeed_virt,12
Superglue,fra_jsi_newsfeed_virt,40
Supertite,fra_jsi_newsfeed_virt,0
Suzuki,fra_jsi_newsfeed_virt,30576
Swaroski,fra_jsi_newsfeed_virt,27
Taillefine,fra_jsi_newsfeed_virt,103
Tamagotchi,fra_jsi_newsfeed_virt,1124
Tampax,fra_jsi_newsfeed_virt,415
Taser,fra_jsi_newsfeed_virt,8725
Teflon,fra_jsi_newsfeed_virt,374
Telepromter,fra_jsi_newsfeed_virt,0
Tena,fra_jsi_newsfeed_virt,4776048
Tencel,fra_jsi_newsfeed_virt,345
Teraxyl,fra_jsi_newsfeed_virt,0
Tetra Brik,fra_jsi_newsfeed_virt,10
Tetra Pak,fra_jsi_newsfeed_virt,792
Texto,fra_jsi_newsfeed_virt,25573
TGV,fra_jsi_newsfeed_virt,72021
Thermomix,fra_jsi_newsfeed_virt,2772
Thermos,fra_jsi_newsfeed_virt,15716
Tiffany & Co.,fra_jsi_newsfeed_virt,0
Tipp-ex,fra_jsi_newsfeed_virt,120
Toblerone,fra_jsi_newsfeed_virt,655
Tommy Hilfiger,fra_jsi_newsfeed_virt,2779
Tourtel Twist,fra_jsi_newsfeed_virt,51
Tous,fra_jsi_newsfeed_virt,7025662
Toyota,fra_jsi_newsfeed_virt,86543
Trésor,fra_jsi_newsfeed_virt,394565
TUC,fra_jsi_newsfeed_virt,1329
Tupperware,fra_jsi_newsfeed_virt,1974
Turmix,fra_jsi_newsfeed_virt,7
Twitter,fra_jsi_newsfeed_virt,750557
Twix,fra_jsi_newsfeed_virt,387
Uber,fra_jsi_newsfeed_virt,519245
Ugg,fra_jsi_newsfeed_virt,673
Uno,fra_jsi_newsfeed_virt,3053
Valentino,fra_jsi_newsfeed_virt,16821
Valium,fra_jsi_newsfeed_virt,1052
Vanish,fra_jsi_newsfeed_virt,922
Vans,fra_jsi_newsfeed_virt,45746
Vaseline,fra_jsi_newsfeed_virt,1112
Velcro,fra_jsi_newsfeed_virt,1140
Velux,fra_jsi_newsfeed_virt,1333
Ventoline,fra_jsi_newsfeed_virt,682
Versace,fra_jsi_newsfeed_virt,7296
Vespa,fra_jsi_newsfeed_virt,5008
Viagra,fra_jsi_newsfeed_virt,4862
Vicks Vaporub,fra_jsi_newsfeed_virt,97
Victoria,fra_jsi_newsfeed_virt,106693
Visa,fra_jsi_newsfeed_virt,1993592
Vitroclen,fra_jsi_newsfeed_virt,0
Volkswagen,fra_jsi_newsfeed_virt,113033
Voll-Damm,fra_jsi_newsfeed_virt,3
Voltaren,fra_jsi_newsfeed_virt,121
Volvic,fra_jsi_newsfeed_virt,4633
Volvo,fra_jsi_newsfeed_virt,37156
Walkman,fra_jsi_newsfeed_virt,1605
WD-40,fra_jsi_newsfeed_virt,1
Whatsapp,fra_jsi_newsfeed_virt,73462
Whiskas,fra_jsi_newsfeed_virt,228
Wifi,fra_jsi_newsfeed_virt,56313
Wii,fra_jsi_newsfeed_virt,15643
Wipp Express,fra_jsi_newsfeed_virt,0
Word,fra_jsi_newsfeed_virt,33366
Yamaha,fra_jsi_newsfeed_virt,33430
Yop,fra_jsi_newsfeed_virt,358
Yopa!,fra_jsi_newsfeed_virt,0
Yoplait,fra_jsi_newsfeed_virt,1183
Yves Rocher,fra_jsi_newsfeed_virt,2971
Yves Saint Laurent,fra_jsi_newsfeed_virt,9011
Zamboni,fra_jsi_newsfeed_virt,645
Zodiac,fra_jsi_newsfeed_virt,12086
3-EN-UNO,fra_jsi_newsfeed_virt,0
Afterbite,fra_jsi_newsfeed_virt,0
Aftersun,fra_jsi_newsfeed_virt,4
Air Wick,fra_jsi_newsfeed_virt,55
Alcampo,fra_jsi_newsfeed_virt,13
Algidol,fra_jsi_newsfeed_virt,0
Alhambra,fra_jsi_newsfeed_virt,3078
Alpino,fra_jsi_newsfeed_virt,89
Ambipur,fra_jsi_newsfeed_virt,2
Amstel,fra_jsi_newsfeed_virt,6071
Aquarius,fra_jsi_newsfeed_virt,11647
Aspirina,fra_jsi_newsfeed_virt,2
Avecrem,fra_jsi_newsfeed_virt,0
Axe,fra_jsi_newsfeed_virt,7258
Bifrutas,fra_jsi_newsfeed_virt,0
Bimbo,fra_jsi_newsfeed_virt,8215
Binaca,fra_jsi_newsfeed_virt,30
Biodramina,fra_jsi_newsfeed_virt,0
Bisolfren,fra_jsi_newsfeed_virt,0
Bisolgrip,fra_jsi_newsfeed_virt,0
Bitter Kas,fra_jsi_newsfeed_virt,0
Bollycao,fra_jsi_newsfeed_virt,0
Bonoloto,fra_jsi_newsfeed_virt,2
Bricor,fra_jsi_newsfeed_virt,1292
Budweiser,fra_jsi_newsfeed_virt,2112
Burofax,fra_jsi_newsfeed_virt,478
Cabify,fra_jsi_newsfeed_virt,186
Cacaolat,fra_jsi_newsfeed_virt,1
Celofán,fra_jsi_newsfeed_virt,0
Chiquilín,fra_jsi_newsfeed_virt,0
Choco Krispies,fra_jsi_newsfeed_virt,1
Choleck,fra_jsi_newsfeed_virt,0
Chufi,fra_jsi_newsfeed_virt,0
Climalit,fra_jsi_newsfeed_virt,15
ColaCao,fra_jsi_newsfeed_virt,1
Conguitos,fra_jsi_newsfeed_virt,43
Corona / Coronita,fra_jsi_newsfeed_virt,0
Couldina,fra_jsi_newsfeed_virt,0
Cristalmina,fra_jsi_newsfeed_virt,0
Cristasol,fra_jsi_newsfeed_virt,0
Cruzcampo,fra_jsi_newsfeed_virt,12
Cucal,fra_jsi_newsfeed_virt,25
Dalsy,fra_jsi_newsfeed_virt,6
Damm,fra_jsi_newsfeed_virt,79933
Damm Lemon,fra_jsi_newsfeed_virt,0
Danet,fra_jsi_newsfeed_virt,1958
Dodot,fra_jsi_newsfeed_virt,23
Don Limpio,fra_jsi_newsfeed_virt,7
Donettes,fra_jsi_newsfeed_virt,1
Donuts,fra_jsi_newsfeed_virt,2243
Dormidina,fra_jsi_newsfeed_virt,0
El Caserío,fra_jsi_newsfeed_virt,0
El Corte Inglés,fra_jsi_newsfeed_virt,153
Elvive,fra_jsi_newsfeed_virt,28
Estrella Damm,fra_jsi_newsfeed_virt,46
Estrella Galicia,fra_jsi_newsfeed_virt,116
Fagor,fra_jsi_newsfeed_virt,1315
Filipinos,fra_jsi_newsfeed_virt,39
Fixo,fra_jsi_newsfeed_virt,1832
Flora,fra_jsi_newsfeed_virt,60905
Flumil,fra_jsi_newsfeed_virt,3
Fortasec,fra_jsi_newsfeed_virt,0
Frenadol,fra_jsi_newsfeed_virt,1
Futbolín,fra_jsi_newsfeed_virt,3
Gallina Blanca,fra_jsi_newsfeed_virt,10
Gelocatil,fra_jsi_newsfeed_virt,0
Gigante verde,fra_jsi_newsfeed_virt,0
Gominolas,fra_jsi_newsfeed_virt,0
Gulas,fra_jsi_newsfeed_virt,218
Hacendado,fra_jsi_newsfeed_virt,2
Hemicraneal,fra_jsi_newsfeed_virt,0
Hipercor,fra_jsi_newsfeed_virt,15
Huesitos,fra_jsi_newsfeed_virt,0
Infografía,fra_jsi_newsfeed_virt,1
Iniston,fra_jsi_newsfeed_virt,10
Juanola,fra_jsi_newsfeed_virt,73
Kas,fra_jsi_newsfeed_virt,2536
Kinder Sorpresa,fra_jsi_newsfeed_virt,2
Krave,fra_jsi_newsfeed_virt,560
Kukident,fra_jsi_newsfeed_virt,1
La Casera,fra_jsi_newsfeed_virt,5
La Lechera,fra_jsi_newsfeed_virt,0
La Liga,fra_jsi_newsfeed_virt,36970
La Primitiva,fra_jsi_newsfeed_virt,4
La Quiniela,fra_jsi_newsfeed_virt,2
La vaca que ríe,fra_jsi_newsfeed_virt,2
Lacasitos,fra_jsi_newsfeed_virt,1
Lagarto,fra_jsi_newsfeed_virt,87
La Piara,fra_jsi_newsfeed_virt,0
Licor del Polo,fra_jsi_newsfeed_virt,2
Ligeresa,fra_jsi_newsfeed_virt,0
Liposan,fra_jsi_newsfeed_virt,0
Mahou,fra_jsi_newsfeed_virt,4555
Manley,fra_jsi_newsfeed_virt,1511
Melia,fra_jsi_newsfeed_virt,9868
Mercadona,fra_jsi_newsfeed_virt,71
Mercromina,fra_jsi_newsfeed_virt,0
Meyba,fra_jsi_newsfeed_virt,6
Micolor,fra_jsi_newsfeed_virt,52
Mimosín,fra_jsi_newsfeed_virt,0
Mistol,fra_jsi_newsfeed_virt,7
Nancy,fra_jsi_newsfeed_virt,135526
Nenuco,fra_jsi_newsfeed_virt,74
Neopreno,fra_jsi_newsfeed_virt,0
Nestlé Nidina,fra_jsi_newsfeed_virt,0
Nocilla,fra_jsi_newsfeed_virt,10
Orbit,fra_jsi_newsfeed_virt,120581
Oscar Mayer,fra_jsi_newsfeed_virt,98
Pato,fra_jsi_newsfeed_virt,38822
Phoskitos,fra_jsi_newsfeed_virt,0
Pictolín,fra_jsi_newsfeed_virt,0
Pikolin,fra_jsi_newsfeed_virt,14
Pikolinos,fra_jsi_newsfeed_virt,2
Pinypon,fra_jsi_newsfeed_virt,2
Pladur,fra_jsi_newsfeed_virt,7
Plasticola,fra_jsi_newsfeed_virt,0
Plastidecor,fra_jsi_newsfeed_virt,1
Plastilina,fra_jsi_newsfeed_virt,2
Potitos,fra_jsi_newsfeed_virt,0
Primperan,fra_jsi_newsfeed_virt,22
Príncipe,fra_jsi_newsfeed_virt,624
Profidén,fra_jsi_newsfeed_virt,0
Pronto,fra_jsi_newsfeed_virt,530
Queroseno,fra_jsi_newsfeed_virt,0
Renfe,fra_jsi_newsfeed_virt,40741
Revilla,fra_jsi_newsfeed_virt,1198
Rhinomer,fra_jsi_newsfeed_virt,0
Roacután,fra_jsi_newsfeed_virt,0
San Miguel,fra_jsi_newsfeed_virt,887
Sellotape,fra_jsi_newsfeed_virt,23
Sicor,fra_jsi_newsfeed_virt,530
Solano,fra_jsi_newsfeed_virt,1482
Sopinstant,fra_jsi_newsfeed_virt,0
Supercor,fra_jsi_newsfeed_virt,282
Talgo,fra_jsi_newsfeed_virt,281
Talquistina,fra_jsi_newsfeed_virt,0
TBO,fra_jsi_newsfeed_virt,118
Telefónica,fra_jsi_newsfeed_virt,1193
Thrombocid,fra_jsi_newsfeed_virt,0
Tiritas,fra_jsi_newsfeed_virt,0
TostaRica,fra_jsi_newsfeed_virt,0
Trident,fra_jsi_newsfeed_virt,11895
Trinaranjus,fra_jsi_newsfeed_virt,0
Uralita,fra_jsi_newsfeed_virt,14
Vaselina,fra_jsi_newsfeed_virt,6
Ventolin,fra_jsi_newsfeed_virt,794
Viakal,fra_jsi_newsfeed_virt,2
Vitalínea,fra_jsi_newsfeed_virt,0
Voltadol,fra_jsi_newsfeed_virt,1
Voltarén,fra_jsi_newsfeed_virt,0
Wamba,fra_jsi_newsfeed_virt,6850
Zumosol,fra_jsi_newsfeed_virt,0
Zumosol,spa_jsi_newsfeed_virt,1028
Kub Or,fra_jsi_newsfeed_virt,18
Bouillon Kub,fra_jsi_newsfeed_virt,74
Coronita,fra_jsi_newsfeed_virt,5
Coronita,spa_jsi_newsfeed_virt,1675
7up,spa_jsi_newsfeed_virt,300
Airbus,spa_jsi_newsfeed_virt,80089
Abribus,spa_jsi_newsfeed_virt,2
Aston Martin,spa_jsi_newsfeed_virt,16029
Auchan,spa_jsi_newsfeed_virt,2841
Audi,spa_jsi_newsfeed_virt,5016946
BABY born,spa_jsi_newsfeed_virt,65
Babybel,spa_jsi_newsfeed_virt,108
Bacardí,spa_jsi_newsfeed_virt,3043
Badoit,spa_jsi_newsfeed_virt,3
Balenciaga,spa_jsi_newsfeed_virt,9902
Ballantine's,spa_jsi_newsfeed_virt,403
Balmain,spa_jsi_newsfeed_virt,3809
Banania,spa_jsi_newsfeed_virt,24
Barbie,spa_jsi_newsfeed_virt,83789
Bateaux-Mouches,spa_jsi_newsfeed_virt,17
Beautyblender,spa_jsi_newsfeed_virt,21
Bentley,spa_jsi_newsfeed_virt,12646
Betadine,spa_jsi_newsfeed_virt,364
Biafine,spa_jsi_newsfeed_virt,6
Bic,spa_jsi_newsfeed_virt,32798
Bisolvon,spa_jsi_newsfeed_virt,41
Blablacar,spa_jsi_newsfeed_virt,5975
Blanco,spa_jsi_newsfeed_virt,3153844
Blédichef,spa_jsi_newsfeed_virt,0
Blédidej,spa_jsi_newsfeed_virt,0
Blédilait,spa_jsi_newsfeed_virt,0
Blédina,spa_jsi_newsfeed_virt,1
Blédine,spa_jsi_newsfeed_virt,0
Blédîner,spa_jsi_newsfeed_virt,0
BMW,spa_jsi_newsfeed_virt,114797
BN,spa_jsi_newsfeed_virt,4113
Ace,spa_jsi_newsfeed_virt,20656
Botox,spa_jsi_newsfeed_virt,7909
Boules Quies,spa_jsi_newsfeed_virt,0
Bounty,spa_jsi_newsfeed_virt,1747
Boursin,spa_jsi_newsfeed_virt,106
Boules Quies,spa_jsi_newsfeed_virt,0
Bounty,spa_jsi_newsfeed_virt,1747
Boursin,spa_jsi_newsfeed_virt,106
Brita,spa_jsi_newsfeed_virt,27840
Boules Quies,spa_jsi_newsfeed_virt,0
Brita,spa_jsi_newsfeed_virt,27840
Brother,spa_jsi_newsfeed_virt,50754
Buckler,spa_jsi_newsfeed_virt,205
Bud,spa_jsi_newsfeed_virt,6986
Bugatti,spa_jsi_newsfeed_virt,10879
Burberry,spa_jsi_newsfeed_virt,6318
Bvlgari,spa_jsi_newsfeed_virt,1653
Caddie,spa_jsi_newsfeed_virt,3456
Cadillac,spa_jsi_newsfeed_virt,16966
Cajoline,spa_jsi_newsfeed_virt,0
Calgon,spa_jsi_newsfeed_virt,54
Calvin Klein,spa_jsi_newsfeed_virt,7877
Camel,spa_jsi_newsfeed_virt,82318
Camper,spa_jsi_newsfeed_virt,54660
Campingaz,spa_jsi_newsfeed_virt,60
Canard,spa_jsi_newsfeed_virt,1555
Canson,spa_jsi_newsfeed_virt,731
Caprice des Dieux,spa_jsi_newsfeed_virt,22
Carambar,spa_jsi_newsfeed_virt,13
Carioca,spa_jsi_newsfeed_virt,39290
Carolina Herrera,spa_jsi_newsfeed_virt,11561
Carrera,spa_jsi_newsfeed_virt,4005227
Cartier,spa_jsi_newsfeed_virt,8609
Casio,spa_jsi_newsfeed_virt,2518259
Catisfactions,spa_jsi_newsfeed_virt,2
Cello-tape,spa_jsi_newsfeed_virt,2
Cellophane,spa_jsi_newsfeed_virt,241
Chamallows,spa_jsi_newsfeed_virt,1
Chanel,spa_jsi_newsfeed_virt,34428
Chevrolet,spa_jsi_newsfeed_virt,115859
Chips ahoy,spa_jsi_newsfeed_virt,172
Chloé,spa_jsi_newsfeed_virt,5437
Chocapic,spa_jsi_newsfeed_virt,113
Christian Louboutin,spa_jsi_newsfeed_virt,1500
Chrysler,spa_jsi_newsfeed_virt,24890
Chupachups,spa_jsi_newsfeed_virt,239
Cillit Bang,spa_jsi_newsfeed_virt,35
Citroën,spa_jsi_newsfeed_virt,44228
Clarisonic,spa_jsi_newsfeed_virt,76
Clearblue,spa_jsi_newsfeed_virt,96
Coca Cola,spa_jsi_newsfeed_virt,28284
Coco Pops,spa_jsi_newsfeed_virt,31
Cocotte-Minute,spa_jsi_newsfeed_virt,0
Colgate,spa_jsi_newsfeed_virt,4846
Contrex,spa_jsi_newsfeed_virt,19
Converse,spa_jsi_newsfeed_virt,11914
Corona,spa_jsi_newsfeed_virt,4754348
Coton-tige,spa_jsi_newsfeed_virt,0
Cracotte,spa_jsi_newsfeed_virt,1
Crayola,spa_jsi_newsfeed_virt,1767
Cromalin,spa_jsi_newsfeed_virt,12
Cubitainer,spa_jsi_newsfeed_virt,0
Cutex,spa_jsi_newsfeed_virt,372
Danette,spa_jsi_newsfeed_virt,137
Danonino,spa_jsi_newsfeed_virt,307
Desigual,spa_jsi_newsfeed_virt,551765
Desperados,spa_jsi_newsfeed_virt,889
Dictaphone,spa_jsi_newsfeed_virt,20
Digicode,spa_jsi_newsfeed_virt,2
Dom Pérignon,spa_jsi_newsfeed_virt,904
Doritos,spa_jsi_newsfeed_virt,2614
Dr Pepper,spa_jsi_newsfeed_virt,351
Dr. Martens,spa_jsi_newsfeed_virt,551
Duracell,spa_jsi_newsfeed_virt,890
Durex,spa_jsi_newsfeed_virt,1168
Dymo,spa_jsi_newsfeed_virt,1967
Ebly,spa_jsi_newsfeed_virt,364
Elseve,spa_jsi_newsfeed_virt,8
Emporio Armani,spa_jsi_newsfeed_virt,1571
Epilady,spa_jsi_newsfeed_virt,15
Escalator,spa_jsi_newsfeed_virt,105
Esquimaux,spa_jsi_newsfeed_virt,4
Evian,spa_jsi_newsfeed_virt,5045
Excel,spa_jsi_newsfeed_virt,1130504
Fairy,spa_jsi_newsfeed_virt,3004
Fanta,spa_jsi_newsfeed_virt,653611
Febreze,spa_jsi_newsfeed_virt,137
Fermeture Éclair,spa_jsi_newsfeed_virt,1
Ferrero Rocher,spa_jsi_newsfeed_virt,1714
Fiat,spa_jsi_newsfeed_virt,97941
Fibrociment,spa_jsi_newsfeed_virt,7
Ficello,spa_jsi_newsfeed_virt,0
Figolu,spa_jsi_newsfeed_virt,1
Fixodent,spa_jsi_newsfeed_virt,1
Fluimucil,spa_jsi_newsfeed_virt,80
Flunch,spa_jsi_newsfeed_virt,45
Ford,spa_jsi_newsfeed_virt,677452
Foreo,spa_jsi_newsfeed_virt,1112
Formica,spa_jsi_newsfeed_virt,5839
Freedent,spa_jsi_newsfeed_virt,5
Frigidaire,spa_jsi_newsfeed_virt,127
Frisbee,spa_jsi_newsfeed_virt,1388
Frosties,spa_jsi_newsfeed_virt,56
Fruit d'or,spa_jsi_newsfeed_virt,0
Furby,spa_jsi_newsfeed_virt,525
Fuze Tea,spa_jsi_newsfeed_virt,94
Garnier,spa_jsi_newsfeed_virt,6319
Gatorade,spa_jsi_newsfeed_virt,4905
Gavottes,spa_jsi_newsfeed_virt,3
Géant vert,spa_jsi_newsfeed_virt,0
Gibson,spa_jsi_newsfeed_virt,26264
Gillette,spa_jsi_newsfeed_virt,5025
Giorgio Armani,spa_jsi_newsfeed_virt,3102
Gomina,spa_jsi_newsfeed_virt,3729
Google,spa_jsi_newsfeed_virt,1039446
Boules Quies,spa_jsi_newsfeed_virt,0
Cajoline,spa_jsi_newsfeed_virt,0
Cocotte-Minute,spa_jsi_newsfeed_virt,0
Coton-tige,spa_jsi_newsfeed_virt,0
Cubitainer,spa_jsi_newsfeed_virt,0
Ficello,spa_jsi_newsfeed_virt,0
Fruit d'or,spa_jsi_newsfeed_virt,0
Géant vert,spa_jsi_newsfeed_virt,0
Google,spa_jsi_newsfeed_virt,1039446
H&S,spa_jsi_newsfeed_virt,0
Harley-Davidson,spa_jsi_newsfeed_virt,4914
Havaianas,spa_jsi_newsfeed_virt,755
Heineken,spa_jsi_newsfeed_virt,18697
Hépar,spa_jsi_newsfeed_virt,1
Hermès,spa_jsi_newsfeed_virt,4195
Honda,spa_jsi_newsfeed_virt,394394
Hot Wheels,spa_jsi_newsfeed_virt,2127
Hula Hoop,spa_jsi_newsfeed_virt,663
Hunter,spa_jsi_newsfeed_virt,59818
Ibanez,spa_jsi_newsfeed_virt,398
Infographie,spa_jsi_newsfeed_virt,3
Intercités,spa_jsi_newsfeed_virt,28
Invisalign,spa_jsi_newsfeed_virt,649
iPad,spa_jsi_newsfeed_virt,1387869
Iphone,spa_jsi_newsfeed_virt,479723
Jacuzzi,spa_jsi_newsfeed_virt,13744
Jaguar,spa_jsi_newsfeed_virt,115461
Jeep,spa_jsi_newsfeed_virt,46370
Jimmy Choo,spa_jsi_newsfeed_virt,2294
Jordan,spa_jsi_newsfeed_virt,266123
JumboTron,spa_jsi_newsfeed_virt,81
K-Way,spa_jsi_newsfeed_virt,41
Kärcher,spa_jsi_newsfeed_virt,369
Kawasaki,spa_jsi_newsfeed_virt,12653
Kellogg's,spa_jsi_newsfeed_virt,2043
Kellogg’s Corn Flakes,spa_jsi_newsfeed_virt,0
Kérosène,spa_jsi_newsfeed_virt,1
Kinder,spa_jsi_newsfeed_virt,12746
Kinder Bueno,spa_jsi_newsfeed_virt,158
Kinder Schoko-Bons,spa_jsi_newsfeed_virt,0
Kinder Surprise,spa_jsi_newsfeed_virt,15
Kiri,spa_jsi_newsfeed_virt,49222
KitKat,spa_jsi_newsfeed_virt,2871
Klaxon,spa_jsi_newsfeed_virt,299
Kleenex,spa_jsi_newsfeed_virt,1371
Knacki,spa_jsi_newsfeed_virt,0
Kodak,spa_jsi_newsfeed_virt,6335
Kub Or,spa_jsi_newsfeed_virt,0
Bouillon Kub,spa_jsi_newsfeed_virt,0
La Laitière,spa_jsi_newsfeed_virt,1
La Poste,spa_jsi_newsfeed_virt,516
La vache qui rit,spa_jsi_newsfeed_virt,10
Labello,spa_jsi_newsfeed_virt,224
Lacoste,spa_jsi_newsfeed_virt,7265
Lamborghini,spa_jsi_newsfeed_virt,23894
Land Rover,spa_jsi_newsfeed_virt,16503
Lay's,spa_jsi_newsfeed_virt,814
Lego,spa_jsi_newsfeed_virt,1168742
Leroy Merlin,spa_jsi_newsfeed_virt,5329
Boules Quies,spa_jsi_newsfeed_virt,0
Cajoline,spa_jsi_newsfeed_virt,0
Cocotte-Minute,spa_jsi_newsfeed_virt,0
Coton-tige,spa_jsi_newsfeed_virt,0
Cubitainer,spa_jsi_newsfeed_virt,0
Ficello,spa_jsi_newsfeed_virt,0
Fruit d'or,spa_jsi_newsfeed_virt,0
Géant vert,spa_jsi_newsfeed_virt,0
H&S,spa_jsi_newsfeed_virt,0
Kellogg’s Corn Flakes,spa_jsi_newsfeed_virt,0
Kinder Schoko-Bons,spa_jsi_newsfeed_virt,0
Knacki,spa_jsi_newsfeed_virt,0
Kub Or,spa_jsi_newsfeed_virt,0
Bouillon Kub,spa_jsi_newsfeed_virt,0
Listerine,spa_jsi_newsfeed_virt,433
Loctite,spa_jsi_newsfeed_virt,295
Loewe,spa_jsi_newsfeed_virt,8781
Longchamp,spa_jsi_newsfeed_virt,2771
Louis Vuitton,spa_jsi_newsfeed_virt,16863
Lycra,spa_jsi_newsfeed_virt,2057
Lyocell,spa_jsi_newsfeed_virt,245
M&M's,spa_jsi_newsfeed_virt,428
MacBook,spa_jsi_newsfeed_virt,33063
Magnum,spa_jsi_newsfeed_virt,9152
Maizena,spa_jsi_newsfeed_virt,830
Malabar,spa_jsi_newsfeed_virt,41174
Manolo Blahnik,spa_jsi_newsfeed_virt,2033
Marlboro,spa_jsi_newsfeed_virt,5169
Martini,spa_jsi_newsfeed_virt,43481
Mauser,spa_jsi_newsfeed_virt,1161
Meccano,spa_jsi_newsfeed_virt,254
Mentos,spa_jsi_newsfeed_virt,10000000
Mercalm,spa_jsi_newsfeed_virt,2
Mercedes-Benz,spa_jsi_newsfeed_virt,39014
Mercurochrome,spa_jsi_newsfeed_virt,0
Michael Kors,spa_jsi_newsfeed_virt,4192
Michelin,spa_jsi_newsfeed_virt,58608
MINI,spa_jsi_newsfeed_virt,10000000
Mir,spa_jsi_newsfeed_virt,82318
Mobylette,spa_jsi_newsfeed_virt,69
Moët & Chandon,spa_jsi_newsfeed_virt,0
Monopoly,spa_jsi_newsfeed_virt,6927
Montblanc,spa_jsi_newsfeed_virt,4663
Mousline,spa_jsi_newsfeed_virt,12
Moviola,spa_jsi_newsfeed_virt,938
Mr. Propre,spa_jsi_newsfeed_virt,1
Néoprène,spa_jsi_newsfeed_virt,0
Nescafé,spa_jsi_newsfeed_virt,4220
Nespresso,spa_jsi_newsfeed_virt,5156
Nesquik,spa_jsi_newsfeed_virt,844
Nestea,spa_jsi_newsfeed_virt,341
Nestlé Nidal,spa_jsi_newsfeed_virt,1
New Balance,spa_jsi_newsfeed_virt,4604
Nike,spa_jsi_newsfeed_virt,76869
Nintendo,spa_jsi_newsfeed_virt,271138
Nivea,spa_jsi_newsfeed_virt,2213
Nocciolata,spa_jsi_newsfeed_virt,0
Nutella,spa_jsi_newsfeed_virt,6415
Nylon,spa_jsi_newsfeed_virt,18298
Oasis,spa_jsi_newsfeed_virt,58821
Orangina,spa_jsi_newsfeed_virt,110
Oreo,spa_jsi_newsfeed_virt,461134
Orfidal,spa_jsi_newsfeed_virt,1125
Pampers,spa_jsi_newsfeed_virt,933
Boules Quies,spa_jsi_newsfeed_virt,0
Cajoline,spa_jsi_newsfeed_virt,0
Cocotte-Minute,spa_jsi_newsfeed_virt,0
Coton-tige,spa_jsi_newsfeed_virt,0
Cubitainer,spa_jsi_newsfeed_virt,0
Ficello,spa_jsi_newsfeed_virt,0
Fruit d'or,spa_jsi_newsfeed_virt,0
Géant vert,spa_jsi_newsfeed_virt,0
H&S,spa_jsi_newsfeed_virt,0
Kellogg’s Corn Flakes,spa_jsi_newsfeed_virt,0
Kinder Schoko-Bons,spa_jsi_newsfeed_virt,0
Knacki,spa_jsi_newsfeed_virt,0
Kub Or,spa_jsi_newsfeed_virt,0
Bouillon Kub,spa_jsi_newsfeed_virt,0
Mercurochrome,spa_jsi_newsfeed_virt,0
Moët & Chandon,spa_jsi_newsfeed_virt,0
Néoprène,spa_jsi_newsfeed_virt,0
Nocciolata,spa_jsi_newsfeed_virt,0
Panier de Yoplait,spa_jsi_newsfeed_virt,1
Pantene,spa_jsi_newsfeed_virt,2169
Pattex,spa_jsi_newsfeed_virt,21
Pédalo,spa_jsi_newsfeed_virt,12
Pepsi,spa_jsi_newsfeed_virt,36011
Perfecto,spa_jsi_newsfeed_virt,1061070
Perle de lait,spa_jsi_newsfeed_virt,0
Perrier,spa_jsi_newsfeed_virt,1435
Persol,spa_jsi_newsfeed_virt,2619
Pescanova,spa_jsi_newsfeed_virt,14995
Petit Yoplait,spa_jsi_newsfeed_virt,0
Petits Filous,spa_jsi_newsfeed_virt,0
Peugeot,spa_jsi_newsfeed_virt,85315
Philadelphia,spa_jsi_newsfeed_virt,30975
Photomaton,spa_jsi_newsfeed_virt,20
Photoshop,spa_jsi_newsfeed_virt,34269
Picard,spa_jsi_newsfeed_virt,36937
Pilot,spa_jsi_newsfeed_virt,1229752
Pim's,spa_jsi_newsfeed_virt,9
Ping-Pong,spa_jsi_newsfeed_virt,4027
Pitch,spa_jsi_newsfeed_virt,102601
Placoplâtre,spa_jsi_newsfeed_virt,0
Playboy,spa_jsi_newsfeed_virt,29844
Playmobil,spa_jsi_newsfeed_virt,6419
PlayStation,spa_jsi_newsfeed_virt,231747
Plexiglas,spa_jsi_newsfeed_virt,326
Pliz,spa_jsi_newsfeed_virt,484
Pokémon,spa_jsi_newsfeed_virt,191375
Polaroid,spa_jsi_newsfeed_virt,5582
Polo,spa_jsi_newsfeed_virt,875972
Pom'Potes,spa_jsi_newsfeed_virt,1
Post-it,spa_jsi_newsfeed_virt,2500
Postéclair,spa_jsi_newsfeed_virt,0
Power Point,spa_jsi_newsfeed_virt,4718
Powerade,spa_jsi_newsfeed_virt,1760
Primpéran,spa_jsi_newsfeed_virt,0
Prince,spa_jsi_newsfeed_virt,358232
Pringles,spa_jsi_newsfeed_virt,10981
PSP,spa_jsi_newsfeed_virt,7169
Ralph Lauren,spa_jsi_newsfeed_virt,5985
RATP,spa_jsi_newsfeed_virt,1758
Ray-Ban,spa_jsi_newsfeed_virt,1362
Reebok,spa_jsi_newsfeed_virt,5404
Reese's,spa_jsi_newsfeed_virt,173
Reflex,spa_jsi_newsfeed_virt,1046949
Renault,spa_jsi_newsfeed_virt,179552
Rexona,spa_jsi_newsfeed_virt,2474
Ricard,spa_jsi_newsfeed_virt,1098171
Rice Krispies,spa_jsi_newsfeed_virt,74
Ricola,spa_jsi_newsfeed_virt,11370
Rimmel,spa_jsi_newsfeed_virt,1099
Ripolin,spa_jsi_newsfeed_virt,26
Ritz,spa_jsi_newsfeed_virt,118209
Roaccutane,spa_jsi_newsfeed_virt,17
Roca,spa_jsi_newsfeed_virt,1539512
Rolex,spa_jsi_newsfeed_virt,12083
Rollerblade,spa_jsi_newsfeed_virt,48
Rolls-Royce,spa_jsi_newsfeed_virt,8612
Rosa Clará,spa_jsi_newsfeed_virt,2162
Rotring,spa_jsi_newsfeed_virt,120
Rubalise,spa_jsi_newsfeed_virt,0
Saab,spa_jsi_newsfeed_virt,56528
Sanisette,spa_jsi_newsfeed_virt,7
Sanytol,spa_jsi_newsfeed_virt,275
Scalextric,spa_jsi_newsfeed_virt,2169
Scotch,spa_jsi_newsfeed_virt,1893
Scotch Brite,spa_jsi_newsfeed_virt,37
Scottex,spa_jsi_newsfeed_virt,155
Seat,spa_jsi_newsfeed_virt,175648
Sensodyne,spa_jsi_newsfeed_virt,78
Sephora,spa_jsi_newsfeed_virt,3666
Silestone,spa_jsi_newsfeed_virt,716
Silk-épil,spa_jsi_newsfeed_virt,59
Skechers,spa_jsi_newsfeed_virt,1238
Skype,spa_jsi_newsfeed_virt,35665
Smart,spa_jsi_newsfeed_virt,615309
SNCF,spa_jsi_newsfeed_virt,4968
Sodexo,spa_jsi_newsfeed_virt,3082
Soignon,spa_jsi_newsfeed_virt,8
Sonotone,spa_jsi_newsfeed_virt,219
Sopalin,spa_jsi_newsfeed_virt,13
Special K,spa_jsi_newsfeed_virt,10026
Spontex,spa_jsi_newsfeed_virt,18
Sprite,spa_jsi_newsfeed_virt,3288
St Môret,spa_jsi_newsfeed_virt,0
Stabilo,spa_jsi_newsfeed_virt,140
Stan Smith,spa_jsi_newsfeed_virt,857
Starbucks,spa_jsi_newsfeed_virt,32074
Strepsils,spa_jsi_newsfeed_virt,38
Suchard,spa_jsi_newsfeed_virt,409
Sugus,spa_jsi_newsfeed_virt,424
Sunny Delight,spa_jsi_newsfeed_virt,23
Superglue,spa_jsi_newsfeed_virt,87
Supertite,spa_jsi_newsfeed_virt,7
Suzuki,spa_jsi_newsfeed_virt,44267
Swaroski,spa_jsi_newsfeed_virt,141
Taillefine,spa_jsi_newsfeed_virt,0
Tamagotchi,spa_jsi_newsfeed_virt,2265
Tampax,spa_jsi_newsfeed_virt,370
Taser,spa_jsi_newsfeed_virt,9947
Teflon,spa_jsi_newsfeed_virt,233
Telepromter,spa_jsi_newsfeed_virt,209
Tena,spa_jsi_newsfeed_virt,3169435
Tencel,spa_jsi_newsfeed_virt,470
Teraxyl,spa_jsi_newsfeed_virt,0
Tetra Brik,spa_jsi_newsfeed_virt,574
Tetra Pak,spa_jsi_newsfeed_virt,2961
Texto,spa_jsi_newsfeed_virt,2812116
TGV,spa_jsi_newsfeed_virt,893
Thermomix,spa_jsi_newsfeed_virt,5713
Thermos,spa_jsi_newsfeed_virt,493
Tiffany & Co.,spa_jsi_newsfeed_virt,0
Tipp-ex,spa_jsi_newsfeed_virt,50
Toblerone,spa_jsi_newsfeed_virt,659
Tommy Hilfiger,spa_jsi_newsfeed_virt,5074
Tourtel Twist,spa_jsi_newsfeed_virt,0
Tous,spa_jsi_newsfeed_virt,24415
Toyota,spa_jsi_newsfeed_virt,186085
Trésor,spa_jsi_newsfeed_virt,226
TUC,spa_jsi_newsfeed_virt,1913
Tupperware,spa_jsi_newsfeed_virt,1289
Turmix,spa_jsi_newsfeed_virt,194
Twitter,spa_jsi_newsfeed_virt,2096718
Twix,spa_jsi_newsfeed_virt,192
Uber,spa_jsi_newsfeed_virt,1633275
Ugg,spa_jsi_newsfeed_virt,653
Uno,spa_jsi_newsfeed_virt,1566051
Valentino,spa_jsi_newsfeed_virt,55748
Valium,spa_jsi_newsfeed_virt,1385
Vanish,spa_jsi_newsfeed_virt,1637
Vans,spa_jsi_newsfeed_virt,70246
Vaseline,spa_jsi_newsfeed_virt,153
Velcro,spa_jsi_newsfeed_virt,3014
Velux,spa_jsi_newsfeed_virt,941
Ventoline,spa_jsi_newsfeed_virt,34
Versace,spa_jsi_newsfeed_virt,18907
Vespa,spa_jsi_newsfeed_virt,18830
Viagra,spa_jsi_newsfeed_virt,15361
Vicks Vaporub,spa_jsi_newsfeed_virt,224
Victoria,spa_jsi_newsfeed_virt,3516967
Visa,spa_jsi_newsfeed_virt,3436053
Vitroclen,spa_jsi_newsfeed_virt,0
Volkswagen,spa_jsi_newsfeed_virt,189438
Voll-Damm,spa_jsi_newsfeed_virt,264
Voltaren,spa_jsi_newsfeed_virt,167
Volvic,spa_jsi_newsfeed_virt,89
Volvo,spa_jsi_newsfeed_virt,43412
Walkman,spa_jsi_newsfeed_virt,3345
WD-40,spa_jsi_newsfeed_virt,117
Whatsapp,spa_jsi_newsfeed_virt,613028
Whiskas,spa_jsi_newsfeed_virt,282
Wifi,spa_jsi_newsfeed_virt,132676
Wii,spa_jsi_newsfeed_virt,28746
Wipp Express,spa_jsi_newsfeed_virt,48
Word,spa_jsi_newsfeed_virt,64237
Yamaha,spa_jsi_newsfeed_virt,66246
Yop,spa_jsi_newsfeed_virt,81
Yopa!,spa_jsi_newsfeed_virt,0
Yoplait,spa_jsi_newsfeed_virt,303
Yves Rocher,spa_jsi_newsfeed_virt,608
Yves Saint Laurent,spa_jsi_newsfeed_virt,4842
Zamboni,spa_jsi_newsfeed_virt,3638
Zodiac,spa_jsi_newsfeed_virt,41040
3-EN-UNO,spa_jsi_newsfeed_virt,11
Afterbite,spa_jsi_newsfeed_virt,4
Aftersun,spa_jsi_newsfeed_virt,402
Air Wick,spa_jsi_newsfeed_virt,50
Alcampo,spa_jsi_newsfeed_virt,12142
Algidol,spa_jsi_newsfeed_virt,20
Alhambra,spa_jsi_newsfeed_virt,38775
Alpino,spa_jsi_newsfeed_virt,46291
Ambipur,spa_jsi_newsfeed_virt,17
Amstel,spa_jsi_newsfeed_virt,4840
Aquarius,spa_jsi_newsfeed_virt,16182
Aspirina,spa_jsi_newsfeed_virt,20171
Avecrem,spa_jsi_newsfeed_virt,257
Axe,spa_jsi_newsfeed_virt,3304
Bifrutas,spa_jsi_newsfeed_virt,206
Bimbo,spa_jsi_newsfeed_virt,19762
Binaca,spa_jsi_newsfeed_virt,44
Biodramina,spa_jsi_newsfeed_virt,242
Bisolfren,spa_jsi_newsfeed_virt,2
Bisolgrip,spa_jsi_newsfeed_virt,9
Bitter Kas,spa_jsi_newsfeed_virt,75
Bollycao,spa_jsi_newsfeed_virt,319
Bonoloto,spa_jsi_newsfeed_virt,10860
Bricor,spa_jsi_newsfeed_virt,705
Budweiser,spa_jsi_newsfeed_virt,4510
Burofax,spa_jsi_newsfeed_virt,11234
Cabify,spa_jsi_newsfeed_virt,39569
Cacaolat,spa_jsi_newsfeed_virt,743
Celofán,spa_jsi_newsfeed_virt,3228
Chiquilín,spa_jsi_newsfeed_virt,4834
Choco Krispies,spa_jsi_newsfeed_virt,82
Choleck,spa_jsi_newsfeed_virt,8
Chufi,spa_jsi_newsfeed_virt,5032
Climalit,spa_jsi_newsfeed_virt,353
ColaCao,spa_jsi_newsfeed_virt,1016
Conguitos,spa_jsi_newsfeed_virt,835
Couldina,spa_jsi_newsfeed_virt,18
Cristalmina,spa_jsi_newsfeed_virt,51
Cristasol,spa_jsi_newsfeed_virt,34
Cruzcampo,spa_jsi_newsfeed_virt,6644
Cucal,spa_jsi_newsfeed_virt,6128
Dalsy,spa_jsi_newsfeed_virt,666
Damm,spa_jsi_newsfeed_virt,30851
Damm Lemon,spa_jsi_newsfeed_virt,6
Danet,spa_jsi_newsfeed_virt,31289
Dodot,spa_jsi_newsfeed_virt,501
Don Limpio,spa_jsi_newsfeed_virt,225
Donettes,spa_jsi_newsfeed_virt,167
Donuts,spa_jsi_newsfeed_virt,6303
Dormidina,spa_jsi_newsfeed_virt,93
El Caserío,spa_jsi_newsfeed_virt,21062
El Corte Inglés,spa_jsi_newsfeed_virt,81940
Elvive,spa_jsi_newsfeed_virt,1391
Boules Quies,spa_jsi_newsfeed_virt,0
Cajoline,spa_jsi_newsfeed_virt,0
Cocotte-Minute,spa_jsi_newsfeed_virt,0
Coton-tige,spa_jsi_newsfeed_virt,0
Cubitainer,spa_jsi_newsfeed_virt,0
Ficello,spa_jsi_newsfeed_virt,0
Fruit d'or,spa_jsi_newsfeed_virt,0
Géant vert,spa_jsi_newsfeed_virt,0
H&S,spa_jsi_newsfeed_virt,0
Kellogg’s Corn Flakes,spa_jsi_newsfeed_virt,0
Kinder Schoko-Bons,spa_jsi_newsfeed_virt,0
Knacki,spa_jsi_newsfeed_virt,0
Kub Or,spa_jsi_newsfeed_virt,0
Bouillon Kub,spa_jsi_newsfeed_virt,0
Mercurochrome,spa_jsi_newsfeed_virt,0
Moët & Chandon,spa_jsi_newsfeed_virt,0
Néoprène,spa_jsi_newsfeed_virt,0
Nocciolata,spa_jsi_newsfeed_virt,0
Perle de lait,spa_jsi_newsfeed_virt,0
Petit Yoplait,spa_jsi_newsfeed_virt,0
Petits Filous,spa_jsi_newsfeed_virt,0
Placoplâtre,spa_jsi_newsfeed_virt,0
Postéclair,spa_jsi_newsfeed_virt,0
Primpéran,spa_jsi_newsfeed_virt,0
Rubalise,spa_jsi_newsfeed_virt,0
St Môret,spa_jsi_newsfeed_virt,0
Taillefine,spa_jsi_newsfeed_virt,0
Teraxyl,spa_jsi_newsfeed_virt,0
Tiffany & Co.,spa_jsi_newsfeed_virt,0
Tourtel Twist,spa_jsi_newsfeed_virt,0
Vitroclen,spa_jsi_newsfeed_virt,0
Yopa!,spa_jsi_newsfeed_virt,0
Nestlé Nidina,spa_jsi_newsfeed_virt,0
Pato,spa_jsi_newsfeed_virt,812254
Phoskitos,spa_jsi_newsfeed_virt,139
Pictolín,spa_jsi_newsfeed_virt,9
Pikolin,spa_jsi_newsfeed_virt,2010
Pikolinos,spa_jsi_newsfeed_virt,485
Pinypon,spa_jsi_newsfeed_virt,257
Pladur,spa_jsi_newsfeed_virt,1519
Plasticola,spa_jsi_newsfeed_virt,343
Plastidecor,spa_jsi_newsfeed_virt,73
Plastilina,spa_jsi_newsfeed_virt,8008
Potitos,spa_jsi_newsfeed_virt,1593
Primperan,spa_jsi_newsfeed_virt,67
Príncipe,spa_jsi_newsfeed_virt,430506
Profidén,spa_jsi_newsfeed_virt,132
Pronto,spa_jsi_newsfeed_virt,1498795
Queroseno,spa_jsi_newsfeed_virt,4921
Renfe,spa_jsi_newsfeed_virt,101051
Revilla,spa_jsi_newsfeed_virt,65322
Rhinomer,spa_jsi_newsfeed_virt,24
Roacután,spa_jsi_newsfeed_virt,29
San Miguel,spa_jsi_newsfeed_virt,246076
Sellotape,spa_jsi_newsfeed_virt,12
Sicor,spa_jsi_newsfeed_virt,2727
Solano,spa_jsi_newsfeed_virt,76651
Sopinstant,spa_jsi_newsfeed_virt,4
Supercor,spa_jsi_newsfeed_virt,2198
Talgo,spa_jsi_newsfeed_virt,9496
Talquistina,spa_jsi_newsfeed_virt,6
TBO,spa_jsi_newsfeed_virt,1244
Telefónica,spa_jsi_newsfeed_virt,653736
Thrombocid,spa_jsi_newsfeed_virt,9
Tiritas,spa_jsi_newsfeed_virt,3809
TostaRica,spa_jsi_newsfeed_virt,25
Trident,spa_jsi_newsfeed_virt,62957
Trinaranjus,spa_jsi_newsfeed_virt,46
Uralita,spa_jsi_newsfeed_virt,5083
Vaselina,spa_jsi_newsfeed_virt,18519
Ventolin,spa_jsi_newsfeed_virt,343
Viakal,spa_jsi_newsfeed_virt,6
Vitalínea,spa_jsi_newsfeed_virt,19
Voltadol,spa_jsi_newsfeed_virt,59
Voltarén,spa_jsi_newsfeed_virt,70
Wamba,spa_jsi_newsfeed_virt,2200
Boules Quies,spa_jsi_newsfeed_virt,0
Cajoline,spa_jsi_newsfeed_virt,0
Cocotte-Minute,spa_jsi_newsfeed_virt,0
Coton-tige,spa_jsi_newsfeed_virt,0
Cubitainer,spa_jsi_newsfeed_virt,0
Ficello,spa_jsi_newsfeed_virt,0
Fruit d'or,spa_jsi_newsfeed_virt,0
Géant vert,spa_jsi_newsfeed_virt,0
H&S,spa_jsi_newsfeed_virt,0
Kellogg’s Corn Flakes,spa_jsi_newsfeed_virt,0
Kinder Schoko-Bons,spa_jsi_newsfeed_virt,0
Knacki,spa_jsi_newsfeed_virt,0
Kub Or,spa_jsi_newsfeed_virt,0
Bouillon Kub,spa_jsi_newsfeed_virt,0
Mercurochrome,spa_jsi_newsfeed_virt,0
Moët & Chandon,spa_jsi_newsfeed_virt,0
Néoprène,spa_jsi_newsfeed_virt,0
Nocciolata,spa_jsi_newsfeed_virt,0
Perle de lait,spa_jsi_newsfeed_virt,0
Petit Yoplait,spa_jsi_newsfeed_virt,0
Petits Filous,spa_jsi_newsfeed_virt,0
Placoplâtre,spa_jsi_newsfeed_virt,0
Postéclair,spa_jsi_newsfeed_virt,0
Primpéran,spa_jsi_newsfeed_virt,0
Rubalise,spa_jsi_newsfeed_virt,0
St Môret,spa_jsi_newsfeed_virt,0
Taillefine,spa_jsi_newsfeed_virt,0
Teraxyl,spa_jsi_newsfeed_virt,0
Tiffany & Co.,spa_jsi_newsfeed_virt,0
Tourtel Twist,spa_jsi_newsfeed_virt,0
Vitroclen,spa_jsi_newsfeed_virt,0
Yopa!,spa_jsi_newsfeed_virt,0
Nestlé Nidina,spa_jsi_newsfeed_virt,0
7up,fra_jsi_newsfeed_virt,0
7 up,fra_jsi_newsfeed_virt,213
Seven Up,fra_jsi_newsfeed_virt,48
Abribus,fra_jsi_newsfeed_virt,7306
Absolut,fra_jsi_newsfeed_virt,9309
Actimel,fra_jsi_newsfeed_virt,228
Activia,fra_jsi_newsfeed_virt,540
Adidas,fra_jsi_newsfeed_virt,28277
Adolfo Domínguez,fra_jsi_newsfeed_virt,9
After Eight,fra_jsi_newsfeed_virt,75
Airbnb,fra_jsi_newsfeed_virt,52059
AirPods,fra_jsi_newsfeed_virt,26493
AirWick,fra_jsi_newsfeed_virt,12
Aixam,fra_jsi_newsfeed_virt,272
Ajax,fra_jsi_newsfeed_virt,57068
Albal,fra_jsi_newsfeed_virt,2542
Alexander McQueen,fra_jsi_newsfeed_virt,2567
Alfa Romeo,fra_jsi_newsfeed_virt,13259
All-Bran,fra_jsi_newsfeed_virt,50
Antikal,fra_jsi_newsfeed_virt,4
Apaysil,fra_jsi_newsfeed_virt,3
Apéricube,fra_jsi_newsfeed_virt,118
Aquafresh,fra_jsi_newsfeed_virt,33
Asics,fra_jsi_newsfeed_virt,3707
Aspirine,fra_jsi_newsfeed_virt,5287
Aston Martin,fra_jsi_newsfeed_virt,17912
Auchan,fra_jsi_newsfeed_virt,42153
Audi,fra_jsi_newsfeed_virt,1730826
BABY born,fra_jsi_newsfeed_virt,26
Babybel,fra_jsi_newsfeed_virt,1048
Bacardí,fra_jsi_newsfeed_virt,96
Badoit,fra_jsi_newsfeed_virt,344
Balenciaga,fra_jsi_newsfeed_virt,5036
Ballantine's,fra_jsi_newsfeed_virt,0
Balmain,fra_jsi_newsfeed_virt,4912
Banania,fra_jsi_newsfeed_virt,749
Barbie,fra_jsi_newsfeed_virt,38321
Bateaux-Mouches,fra_jsi_newsfeed_virt,596
Beautyblender,fra_jsi_newsfeed_virt,62
Bentley,fra_jsi_newsfeed_virt,12905
Betadine,fra_jsi_newsfeed_virt,120
Biafine,fra_jsi_newsfeed_virt,221
Bic,fra_jsi_newsfeed_virt,10738
Bisolvon,fra_jsi_newsfeed_virt,24
Blablacar,fra_jsi_newsfeed_virt,10402
Blanco,fra_jsi_newsfeed_virt,10880
Blédichef,fra_jsi_newsfeed_virt,1
Blédidej,fra_jsi_newsfeed_virt,0
Blédilait,fra_jsi_newsfeed_virt,8
Blédina,fra_jsi_newsfeed_virt,491
Blédine,fra_jsi_newsfeed_virt,24
Blédîner,fra_jsi_newsfeed_virt,0
BMW,fra_jsi_newsfeed_virt,112839
BN,fra_jsi_newsfeed_virt,2442
Ace,fra_jsi_newsfeed_virt,10980
Botox,fra_jsi_newsfeed_virt,4445
Boules Quies,fra_jsi_newsfeed_virt,440
Bounty,fra_jsi_newsfeed_virt,4246
Boursin,fra_jsi_newsfeed_virt,823
Brita,fra_jsi_newsfeed_virt,988564
Brother,fra_jsi_newsfeed_virt,28090
Buckler,fra_jsi_newsfeed_virt,72
Bud,fra_jsi_newsfeed_virt,2884
Bugatti,fra_jsi_newsfeed_virt,14775
Burberry,fra_jsi_newsfeed_virt,7021
Bvlgari,fra_jsi_newsfeed_virt,621
Caddie,fra_jsi_newsfeed_virt,8642
Cadillac,fra_jsi_newsfeed_virt,11274
Cajoline,fra_jsi_newsfeed_virt,42
Calgon,fra_jsi_newsfeed_virt,98
Calvin Klein,fra_jsi_newsfeed_virt,3861
Camel,fra_jsi_newsfeed_virt,12133
Camper,fra_jsi_newsfeed_virt,61163
Campingaz,fra_jsi_newsfeed_virt,89
Canard,fra_jsi_newsfeed_virt,86732
Canson,fra_jsi_newsfeed_virt,1220
Caprice des Dieux,fra_jsi_newsfeed_virt,281
Carambar,fra_jsi_newsfeed_virt,1783
Carioca,fra_jsi_newsfeed_virt,3920
Carolina Herrera,fra_jsi_newsfeed_virt,653
Carrera,fra_jsi_newsfeed_virt,6337
Cartier,fra_jsi_newsfeed_virt,42357
Casio,fra_jsi_newsfeed_virt,2176580
Catisfactions,fra_jsi_newsfeed_virt,1
Cello-tape,fra_jsi_newsfeed_virt,0
Cellophane,fra_jsi_newsfeed_virt,1493
Chamallows,fra_jsi_newsfeed_virt,363
Chanel,fra_jsi_newsfeed_virt,34786
Chevrolet,fra_jsi_newsfeed_virt,15894
Chips ahoy,fra_jsi_newsfeed_virt,11
Chloé,fra_jsi_newsfeed_virt,45076
Chocapic,fra_jsi_newsfeed_virt,306
Christian Louboutin,fra_jsi_newsfeed_virt,1549
Chrysler,fra_jsi_newsfeed_virt,21929
Chupachups,fra_jsi_newsfeed_virt,2
Cillit Bang,fra_jsi_newsfeed_virt,33
Citroën,fra_jsi_newsfeed_virt,67987
Clarisonic,fra_jsi_newsfeed_virt,133
Clearblue,fra_jsi_newsfeed_virt,55
Coca Cola,fra_jsi_newsfeed_virt,2534
Coco Pops,fra_jsi_newsfeed_virt,70
Cocotte-Minute,fra_jsi_newsfeed_virt,2365
Colgate,fra_jsi_newsfeed_virt,1836
Contrex,fra_jsi_newsfeed_virt,1104
Converse,fra_jsi_newsfeed_virt,11174
Corona,fra_jsi_newsfeed_virt,1217168
Coton-tige,fra_jsi_newsfeed_virt,2414
Cracotte,fra_jsi_newsfeed_virt,97
Crayola,fra_jsi_newsfeed_virt,270
Cromalin,fra_jsi_newsfeed_virt,4
Cubitainer,fra_jsi_newsfeed_virt,207
Cutex,fra_jsi_newsfeed_virt,12
Danette,fra_jsi_newsfeed_virt,502
Danonino,fra_jsi_newsfeed_virt,114
Desigual,fra_jsi_newsfeed_virt,1059
Desperados,fra_jsi_newsfeed_virt,911
Dictaphone,fra_jsi_newsfeed_virt,1683
Digicode,fra_jsi_newsfeed_virt,1051
Dom Pérignon,fra_jsi_newsfeed_virt,905
Doritos,fra_jsi_newsfeed_virt,734
Dr Pepper,fra_jsi_newsfeed_virt,359
Dr. Martens,fra_jsi_newsfeed_virt,0
Duracell,fra_jsi_newsfeed_virt,640
Durex,fra_jsi_newsfeed_virt,716
Dymo,fra_jsi_newsfeed_virt,1482
Ebly,fra_jsi_newsfeed_virt,605
Elseve,fra_jsi_newsfeed_virt,51
Emporio Armani,fra_jsi_newsfeed_virt,720
Epilady,fra_jsi_newsfeed_virt,6
Escalator,fra_jsi_newsfeed_virt,3955
Esquimaux,fra_jsi_newsfeed_virt,711
Evian,fra_jsi_newsfeed_virt,20957
Excel,fra_jsi_newsfeed_virt,671990
Fairy,fra_jsi_newsfeed_virt,2042
Fanta,fra_jsi_newsfeed_virt,283137
Febreze,fra_jsi_newsfeed_virt,129
Fermeture Éclair,fra_jsi_newsfeed_virt,1917
Ferrero Rocher,fra_jsi_newsfeed_virt,352
Fiat,fra_jsi_newsfeed_virt,50590
Fibrociment,fra_jsi_newsfeed_virt,656
Ficello,fra_jsi_newsfeed_virt,41
Figolu,fra_jsi_newsfeed_virt,250
Fixodent,fra_jsi_newsfeed_virt,3
Fluimucil,fra_jsi_newsfeed_virt,42
Flunch,fra_jsi_newsfeed_virt,1435
Ford,fra_jsi_newsfeed_virt,345287
Foreo,fra_jsi_newsfeed_virt,217
Formica,fra_jsi_newsfeed_virt,1318
Freedent,fra_jsi_newsfeed_virt,63
Frigidaire,fra_jsi_newsfeed_virt,2110
Frisbee,fra_jsi_newsfeed_virt,2011
Frosties,fra_jsi_newsfeed_virt,95
Fruit d'or,fra_jsi_newsfeed_virt,0
Furby,fra_jsi_newsfeed_virt,199
Fuze Tea,fra_jsi_newsfeed_virt,79
Garnier,fra_jsi_newsfeed_virt,30770
Gatorade,fra_jsi_newsfeed_virt,680
Gavottes,fra_jsi_newsfeed_virt,371
Géant vert,fra_jsi_newsfeed_virt,1161
Gibson,fra_jsi_newsfeed_virt,11910
Gillette,fra_jsi_newsfeed_virt,2555
Giorgio Armani,fra_jsi_newsfeed_virt,2339
Gomina,fra_jsi_newsfeed_virt,601
Google,fra_jsi_newsfeed_virt,699695
H&S,fra_jsi_newsfeed_virt,0
Harley-Davidson,fra_jsi_newsfeed_virt,6224
Havaianas,fra_jsi_newsfeed_virt,390
Heineken,fra_jsi_newsfeed_virt,5249
Hépar,fra_jsi_newsfeed_virt,837
Hermès,fra_jsi_newsfeed_virt,20320
Honda,fra_jsi_newsfeed_virt,70990
Hot Wheels,fra_jsi_newsfeed_virt,789
Hula Hoop,fra_jsi_newsfeed_virt,308
Hunter,fra_jsi_newsfeed_virt,25711
Ibanez,fra_jsi_newsfeed_virt,3767
Infographie,fra_jsi_newsfeed_virt,27219
Intercités,fra_jsi_newsfeed_virt,11569
Invisalign,fra_jsi_newsfeed_virt,160
iPad,fra_jsi_newsfeed_virt,118136
Iphone,fra_jsi_newsfeed_virt,432437
Jacuzzi,fra_jsi_newsfeed_virt,5673
Jaguar,fra_jsi_newsfeed_virt,32299
Jeep,fra_jsi_newsfeed_virt,28455
Jimmy Choo,fra_jsi_newsfeed_virt,1363
Jordan,fra_jsi_newsfeed_virt,239752
JumboTron,fra_jsi_newsfeed_virt,28
K-Way,fra_jsi_newsfeed_virt,1061
Kärcher,fra_jsi_newsfeed_virt,1173
Kawasaki,fra_jsi_newsfeed_virt,10608
Kellogg's,fra_jsi_newsfeed_virt,0
Kellogg’s Corn Flakes,fra_jsi_newsfeed_virt,0
Kérosène,fra_jsi_newsfeed_virt,9974
Kinder,fra_jsi_newsfeed_virt,7805
Kinder Bueno,fra_jsi_newsfeed_virt,324
Kinder Schoko-Bons,fra_jsi_newsfeed_virt,17
Kinder Surprise,fra_jsi_newsfeed_virt,658
Kiri,fra_jsi_newsfeed_virt,33198
KitKat,fra_jsi_newsfeed_virt,2603
Klaxon,fra_jsi_newsfeed_virt,17248
Kleenex,fra_jsi_newsfeed_virt,1375
Knacki,fra_jsi_newsfeed_virt,372
Kodak,fra_jsi_newsfeed_virt,3968
Kub Or,fra_jsi_newsfeed_virt,18
Bouillon Kub,fra_jsi_newsfeed_virt,74
La Laitière,fra_jsi_newsfeed_virt,469
La Poste,fra_jsi_newsfeed_virt,153582
La vache qui rit,fra_jsi_newsfeed_virt,1064
Labello,fra_jsi_newsfeed_virt,298
Lacoste,fra_jsi_newsfeed_virt,14195
Lamborghini,fra_jsi_newsfeed_virt,17779
Land Rover,fra_jsi_newsfeed_virt,13414
Lay's,fra_jsi_newsfeed_virt,0
Lego,fra_jsi_newsfeed_virt,39695
Leroy Merlin,fra_jsi_newsfeed_virt,4639
Levi's,fra_jsi_newsfeed_virt,0
Linoleum,fra_jsi_newsfeed_virt,53
Lipton,fra_jsi_newsfeed_virt,1655
Listerine,fra_jsi_newsfeed_virt,100
Loctite,fra_jsi_newsfeed_virt,109
Loewe,fra_jsi_newsfeed_virt,1907
Longchamp,fra_jsi_newsfeed_virt,9771
Louis Vuitton,fra_jsi_newsfeed_virt,16430
Lycra,fra_jsi_newsfeed_virt,1489
Lyocell,fra_jsi_newsfeed_virt,149
M&M's,fra_jsi_newsfeed_virt,0
MacBook,fra_jsi_newsfeed_virt,43173
Magnum,fra_jsi_newsfeed_virt,7436
Maizena,fra_jsi_newsfeed_virt,25
Malabar,fra_jsi_newsfeed_virt,1565
Manolo Blahnik,fra_jsi_newsfeed_virt,455
Marlboro,fra_jsi_newsfeed_virt,2938
Martini,fra_jsi_newsfeed_virt,70467
Mauser,fra_jsi_newsfeed_virt,407
Meccano,fra_jsi_newsfeed_virt,1230
Mentos,fra_jsi_newsfeed_virt,1108
Mercalm,fra_jsi_newsfeed_virt,56
Mercedes-Benz,fra_jsi_newsfeed_virt,16017
Mercurochrome,fra_jsi_newsfeed_virt,231
Michael Kors,fra_jsi_newsfeed_virt,2403
Michelin,fra_jsi_newsfeed_virt,76155
MINI,fra_jsi_newsfeed_virt,10000000
Mir,fra_jsi_newsfeed_virt,7243
Mobylette,fra_jsi_newsfeed_virt,5277
Moët & Chandon,fra_jsi_newsfeed_virt,0
Monopoly,fra_jsi_newsfeed_virt,6177
Montblanc,fra_jsi_newsfeed_virt,2563
Mousline,fra_jsi_newsfeed_virt,161
Moviola,fra_jsi_newsfeed_virt,41
Mr. Propre,fra_jsi_newsfeed_virt,0
Néoprène,fra_jsi_newsfeed_virt,1201
Nescafé,fra_jsi_newsfeed_virt,1286
Nespresso,fra_jsi_newsfeed_virt,7148
Nesquik,fra_jsi_newsfeed_virt,425
Nestea,fra_jsi_newsfeed_virt,270
Nestlé Nidal,fra_jsi_newsfeed_virt,2
New Balance,fra_jsi_newsfeed_virt,2267
Nike,fra_jsi_newsfeed_virt,40791
Nintendo,fra_jsi_newsfeed_virt,134067
Nivea,fra_jsi_newsfeed_virt,3033432
Nocciolata,fra_jsi_newsfeed_virt,35
Nutella,fra_jsi_newsfeed_virt,8784
Nylon,fra_jsi_newsfeed_virt,5880
Oasis,fra_jsi_newsfeed_virt,25230
Orangina,fra_jsi_newsfeed_virt,1093
Oreo,fra_jsi_newsfeed_virt,8053
Orfidal,fra_jsi_newsfeed_virt,1
Pampers,fra_jsi_newsfeed_virt,1370
Panier de Yoplait,fra_jsi_newsfeed_virt,74
Pantene,fra_jsi_newsfeed_virt,384
Pattex,fra_jsi_newsfeed_virt,20
Pédalo,fra_jsi_newsfeed_virt,4009
Pepsi,fra_jsi_newsfeed_virt,10788
Perfecto,fra_jsi_newsfeed_virt,2195
Perle de lait,fra_jsi_newsfeed_virt,53
Perrier,fra_jsi_newsfeed_virt,11235
Persol,fra_jsi_newsfeed_virt,457
Pescanova,fra_jsi_newsfeed_virt,27
Petit Yoplait,fra_jsi_newsfeed_virt,1
Petits Filous,fra_jsi_newsfeed_virt,98
Peugeot,fra_jsi_newsfeed_virt,114837
Philadelphia,fra_jsi_newsfeed_virt,5949
Photomaton,fra_jsi_newsfeed_virt,1499
Photoshop,fra_jsi_newsfeed_virt,11070
Picard,fra_jsi_newsfeed_virt,104737
Pilot,fra_jsi_newsfeed_virt,804374
Pim's,fra_jsi_newsfeed_virt,0
Ping-Pong,fra_jsi_newsfeed_virt,9308
Pitch,fra_jsi_newsfeed_virt,26766
Placoplâtre,fra_jsi_newsfeed_virt,231
Playboy,fra_jsi_newsfeed_virt,7335
Playmobil,fra_jsi_newsfeed_virt,6219
PlayStation,fra_jsi_newsfeed_virt,89836
Plexiglas,fra_jsi_newsfeed_virt,11431
Pliz,fra_jsi_newsfeed_virt,373
Pokémon,fra_jsi_newsfeed_virt,63292
Polaroid,fra_jsi_newsfeed_virt,3032
Polo,fra_jsi_newsfeed_virt,427903
Pom'Potes,fra_jsi_newsfeed_virt,0
Post-it,fra_jsi_newsfeed_virt,3532
Postéclair,fra_jsi_newsfeed_virt,0
Power Point,fra_jsi_newsfeed_virt,786
Powerade,fra_jsi_newsfeed_virt,250
Primpéran,fra_jsi_newsfeed_virt,38
Prince,fra_jsi_newsfeed_virt,600804
Pringles,fra_jsi_newsfeed_virt,400
PSP,fra_jsi_newsfeed_virt,5220
Ralph Lauren,fra_jsi_newsfeed_virt,3633
RATP,fra_jsi_newsfeed_virt,55291
Ray-Ban,fra_jsi_newsfeed_virt,1095
Reebok,fra_jsi_newsfeed_virt,2381
Reese's,fra_jsi_newsfeed_virt,0
Reflex,fra_jsi_newsfeed_virt,10705
Renault,fra_jsi_newsfeed_virt,259872
Rexona,fra_jsi_newsfeed_virt,130
Ricard,fra_jsi_newsfeed_virt,62930
Rice Krispies,fra_jsi_newsfeed_virt,159
Ricola,fra_jsi_newsfeed_virt,37238
Rimmel,fra_jsi_newsfeed_virt,722
Ripolin,fra_jsi_newsfeed_virt,1084
Ritz,fra_jsi_newsfeed_virt,80544
Roaccutane,fra_jsi_newsfeed_virt,151
Roca,fra_jsi_newsfeed_virt,725979
Rolex,fra_jsi_newsfeed_virt,12463
Rollerblade,fra_jsi_newsfeed_virt,39
Rolls-Royce,fra_jsi_newsfeed_virt,10703
Rosa Clará,fra_jsi_newsfeed_virt,34
Rotring,fra_jsi_newsfeed_virt,76
Rubalise,fra_jsi_newsfeed_virt,1367
Saab,fra_jsi_newsfeed_virt,6865
Sanisette,fra_jsi_newsfeed_virt,579
Sanytol,fra_jsi_newsfeed_virt,43
Scalextric,fra_jsi_newsfeed_virt,32
Scotch,fra_jsi_newsfeed_virt,20742
Scotch Brite,fra_jsi_newsfeed_virt,0
Scottex,fra_jsi_newsfeed_virt,9
Seat,fra_jsi_newsfeed_virt,59423
Sensodyne,fra_jsi_newsfeed_virt,50
Sephora,fra_jsi_newsfeed_virt,8010
Silestone,fra_jsi_newsfeed_virt,12
Silk-épil,fra_jsi_newsfeed_virt,31
Skechers,fra_jsi_newsfeed_virt,418
Skype,fra_jsi_newsfeed_virt,28212
Smart,fra_jsi_newsfeed_virt,797236
SNCF,fra_jsi_newsfeed_virt,240276
Sodexo,fra_jsi_newsfeed_virt,11900
Soignon,fra_jsi_newsfeed_virt,889
Sonotone,fra_jsi_newsfeed_virt,278
Sopalin,fra_jsi_newsfeed_virt,427
Special K,fra_jsi_newsfeed_virt,153
Spontex,fra_jsi_newsfeed_virt,266
Sprite,fra_jsi_newsfeed_virt,1415
St Môret,fra_jsi_newsfeed_virt,40
Stabilo,fra_jsi_newsfeed_virt,543
Stan Smith,fra_jsi_newsfeed_virt,1367
Starbucks,fra_jsi_newsfeed_virt,15443
Strepsils,fra_jsi_newsfeed_virt,86
Suchard,fra_jsi_newsfeed_virt,326
Sugus,fra_jsi_newsfeed_virt,77
Sunny Delight,fra_jsi_newsfeed_virt,12
Superglue,fra_jsi_newsfeed_virt,40
Supertite,fra_jsi_newsfeed_virt,0
Suzuki,fra_jsi_newsfeed_virt,30576
Swaroski,fra_jsi_newsfeed_virt,27
Taillefine,fra_jsi_newsfeed_virt,103
Tamagotchi,fra_jsi_newsfeed_virt,1124
Tampax,fra_jsi_newsfeed_virt,415
Taser,fra_jsi_newsfeed_virt,8725
Teflon,fra_jsi_newsfeed_virt,374
Telepromter,fra_jsi_newsfeed_virt,0
Tena,fra_jsi_newsfeed_virt,4776048
Tencel,fra_jsi_newsfeed_virt,345
Teraxyl,fra_jsi_newsfeed_virt,0
Tetra Brik,fra_jsi_newsfeed_virt,10
Tetra Pak,fra_jsi_newsfeed_virt,786
Texto,fra_jsi_newsfeed_virt,25573
TGV,fra_jsi_newsfeed_virt,72021
Thermomix,fra_jsi_newsfeed_virt,2772
Thermos,fra_jsi_newsfeed_virt,15716
Tiffany & Co.,fra_jsi_newsfeed_virt,0
Tipp-ex,fra_jsi_newsfeed_virt,120
Toblerone,fra_jsi_newsfeed_virt,655
Tommy Hilfiger,fra_jsi_newsfeed_virt,2779
Tourtel Twist,fra_jsi_newsfeed_virt,51
Tous,fra_jsi_newsfeed_virt,7025662
Toyota,fra_jsi_newsfeed_virt,86543
Trésor,fra_jsi_newsfeed_virt,394565
TUC,fra_jsi_newsfeed_virt,1329
Tupperware,fra_jsi_newsfeed_virt,1974
Turmix,fra_jsi_newsfeed_virt,7
Twitter,fra_jsi_newsfeed_virt,750557
Twix,fra_jsi_newsfeed_virt,387
Uber,fra_jsi_newsfeed_virt,519245
Ugg,fra_jsi_newsfeed_virt,673
Uno,fra_jsi_newsfeed_virt,3053
Valentino,fra_jsi_newsfeed_virt,16821
Valium,fra_jsi_newsfeed_virt,1052
Vanish,fra_jsi_newsfeed_virt,922
Vans,fra_jsi_newsfeed_virt,45746
Vaseline,fra_jsi_newsfeed_virt,1112
Velcro,fra_jsi_newsfeed_virt,1140
Velux,fra_jsi_newsfeed_virt,1333
Ventoline,fra_jsi_newsfeed_virt,682
Versace,fra_jsi_newsfeed_virt,7296
Vespa,fra_jsi_newsfeed_virt,5008
Viagra,fra_jsi_newsfeed_virt,4862
Vicks Vaporub,fra_jsi_newsfeed_virt,97
Victoria,fra_jsi_newsfeed_virt,106693
Visa,fra_jsi_newsfeed_virt,1993592
Vitroclen,fra_jsi_newsfeed_virt,0
Volkswagen,fra_jsi_newsfeed_virt,113033
Voll-Damm,fra_jsi_newsfeed_virt,3
Voltaren,fra_jsi_newsfeed_virt,121
Volvic,fra_jsi_newsfeed_virt,4633
Volvo,fra_jsi_newsfeed_virt,37156
Walkman,fra_jsi_newsfeed_virt,1605
WD-40,fra_jsi_newsfeed_virt,1
Whatsapp,fra_jsi_newsfeed_virt,73462
Whiskas,fra_jsi_newsfeed_virt,228
Wifi,fra_jsi_newsfeed_virt,56313
Wii,fra_jsi_newsfeed_virt,15643
Wipp Express,fra_jsi_newsfeed_virt,0
Word,fra_jsi_newsfeed_virt,33366
Yamaha,fra_jsi_newsfeed_virt,33430
Yop,fra_jsi_newsfeed_virt,358
Yopa!,fra_jsi_newsfeed_virt,0
Yoplait,fra_jsi_newsfeed_virt,1183
Yves Rocher,fra_jsi_newsfeed_virt,2971
Yves Saint Laurent,fra_jsi_newsfeed_virt,9011
Zamboni,fra_jsi_newsfeed_virt,645
Zodiac,fra_jsi_newsfeed_virt,12086
3-EN-UNO,fra_jsi_newsfeed_virt,0
Afterbite,fra_jsi_newsfeed_virt,0
Aftersun,fra_jsi_newsfeed_virt,4
Air Wick,fra_jsi_newsfeed_virt,56
Alcampo,fra_jsi_newsfeed_virt,13
Algidol,fra_jsi_newsfeed_virt,0
Alhambra,fra_jsi_newsfeed_virt,3078
Alpino,fra_jsi_newsfeed_virt,89
Ambipur,fra_jsi_newsfeed_virt,2
Amstel,fra_jsi_newsfeed_virt,6071
Aquarius,fra_jsi_newsfeed_virt,11647
Aspirina,fra_jsi_newsfeed_virt,2
Avecrem,fra_jsi_newsfeed_virt,0
Axe,fra_jsi_newsfeed_virt,7258
Bifrutas,fra_jsi_newsfeed_virt,0
Bimbo,fra_jsi_newsfeed_virt,8215
Binaca,fra_jsi_newsfeed_virt,30
Biodramina,fra_jsi_newsfeed_virt,0
Bisolfren,fra_jsi_newsfeed_virt,0
Bisolgrip,fra_jsi_newsfeed_virt,0
Bitter Kas,fra_jsi_newsfeed_virt,0
Bollycao,fra_jsi_newsfeed_virt,0
Bonoloto,fra_jsi_newsfeed_virt,2
Bricor,fra_jsi_newsfeed_virt,1292
Budweiser,fra_jsi_newsfeed_virt,2112
Burofax,fra_jsi_newsfeed_virt,478
Cabify,fra_jsi_newsfeed_virt,186
Cacaolat,fra_jsi_newsfeed_virt,1
Celofán,fra_jsi_newsfeed_virt,0
Chiquilín,fra_jsi_newsfeed_virt,0
Choco Krispies,fra_jsi_newsfeed_virt,1
Choleck,fra_jsi_newsfeed_virt,0
Chufi,fra_jsi_newsfeed_virt,0
Climalit,fra_jsi_newsfeed_virt,15
ColaCao,fra_jsi_newsfeed_virt,1
Conguitos,fra_jsi_newsfeed_virt,43
Coronita,fra_jsi_newsfeed_virt,5
Couldina,fra_jsi_newsfeed_virt,0
Cristalmina,fra_jsi_newsfeed_virt,0
Cristasol,fra_jsi_newsfeed_virt,0
Cruzcampo,fra_jsi_newsfeed_virt,12
Cucal,fra_jsi_newsfeed_virt,25
Dalsy,fra_jsi_newsfeed_virt,6
Damm,fra_jsi_newsfeed_virt,79933
Damm Lemon,fra_jsi_newsfeed_virt,0
Danet,fra_jsi_newsfeed_virt,1958
Dodot,fra_jsi_newsfeed_virt,23
Don Limpio,fra_jsi_newsfeed_virt,7
Donettes,fra_jsi_newsfeed_virt,1
Donuts,fra_jsi_newsfeed_virt,2243
Dormidina,fra_jsi_newsfeed_virt,0
El Caserío,fra_jsi_newsfeed_virt,0
El Corte Inglés,fra_jsi_newsfeed_virt,155
Elvive,fra_jsi_newsfeed_virt,28
Estrella Damm,fra_jsi_newsfeed_virt,46
Estrella Galicia,fra_jsi_newsfeed_virt,116
Fagor,fra_jsi_newsfeed_virt,1315
Filipinos,fra_jsi_newsfeed_virt,39
Fixo,fra_jsi_newsfeed_virt,1832
Flora,fra_jsi_newsfeed_virt,60905
Flumil,fra_jsi_newsfeed_virt,3
Fortasec,fra_jsi_newsfeed_virt,0
Frenadol,fra_jsi_newsfeed_virt,1
Futbolín,fra_jsi_newsfeed_virt,3
Gallina Blanca,fra_jsi_newsfeed_virt,10
Gelocatil,fra_jsi_newsfeed_virt,0
Gigante verde,fra_jsi_newsfeed_virt,0
Gominolas,fra_jsi_newsfeed_virt,0
Gulas,fra_jsi_newsfeed_virt,218
Hacendado,fra_jsi_newsfeed_virt,2
Hemicraneal,fra_jsi_newsfeed_virt,0
Hipercor,fra_jsi_newsfeed_virt,15
Huesitos,fra_jsi_newsfeed_virt,0
Infografía,fra_jsi_newsfeed_virt,1
Iniston,fra_jsi_newsfeed_virt,10
Juanola,fra_jsi_newsfeed_virt,73
Kas,fra_jsi_newsfeed_virt,2536
Kinder Sorpresa,fra_jsi_newsfeed_virt,2
Krave,fra_jsi_newsfeed_virt,560
Kukident,fra_jsi_newsfeed_virt,1
La Casera,fra_jsi_newsfeed_virt,6
La Lechera,fra_jsi_newsfeed_virt,0
La Liga,fra_jsi_newsfeed_virt,55509
La Primitiva,fra_jsi_newsfeed_virt,4
La Quiniela,fra_jsi_newsfeed_virt,2
La vaca que ríe,fra_jsi_newsfeed_virt,2
Lacasitos,fra_jsi_newsfeed_virt,1
Lagarto,fra_jsi_newsfeed_virt,87
La Piara,fra_jsi_newsfeed_virt,0
Licor del Polo,fra_jsi_newsfeed_virt,2
Ligeresa,fra_jsi_newsfeed_virt,0
Liposan,fra_jsi_newsfeed_virt,0
Mahou,fra_jsi_newsfeed_virt,4555
Manley,fra_jsi_newsfeed_virt,1511
Melia,fra_jsi_newsfeed_virt,9868
Mercadona,fra_jsi_newsfeed_virt,71
Mercromina,fra_jsi_newsfeed_virt,0
Meyba,fra_jsi_newsfeed_virt,6
Micolor,fra_jsi_newsfeed_virt,52
Mimosín,fra_jsi_newsfeed_virt,0
Mistol,fra_jsi_newsfeed_virt,7
Nancy,fra_jsi_newsfeed_virt,135526
Nenuco,fra_jsi_newsfeed_virt,74
Neopreno,fra_jsi_newsfeed_virt,0
Nestlé Nidina,fra_jsi_newsfeed_virt,0
Nocilla,fra_jsi_newsfeed_virt,10
Orbit,fra_jsi_newsfeed_virt,120581
Oscar Mayer,fra_jsi_newsfeed_virt,98
Pato,fra_jsi_newsfeed_virt,38822
Phoskitos,fra_jsi_newsfeed_virt,0
Pictolín,fra_jsi_newsfeed_virt,0
Pikolin,fra_jsi_newsfeed_virt,14
Pikolinos,fra_jsi_newsfeed_virt,2
Pinypon,fra_jsi_newsfeed_virt,2
Pladur,fra_jsi_newsfeed_virt,7
Plasticola,fra_jsi_newsfeed_virt,0
Plastidecor,fra_jsi_newsfeed_virt,1
Plastilina,fra_jsi_newsfeed_virt,2
Potitos,fra_jsi_newsfeed_virt,0
Primperan,fra_jsi_newsfeed_virt,22
Príncipe,fra_jsi_newsfeed_virt,624
Profidén,fra_jsi_newsfeed_virt,0
Pronto,fra_jsi_newsfeed_virt,530
Queroseno,fra_jsi_newsfeed_virt,0
Renfe,fra_jsi_newsfeed_virt,40741
Revilla,fra_jsi_newsfeed_virt,1198
Rhinomer,fra_jsi_newsfeed_virt,0
Roacután,fra_jsi_newsfeed_virt,0
San Miguel,fra_jsi_newsfeed_virt,909
Sellotape,fra_jsi_newsfeed_virt,23
Sicor,fra_jsi_newsfeed_virt,530
Solano,fra_jsi_newsfeed_virt,1482
Sopinstant,fra_jsi_newsfeed_virt,0
Supercor,fra_jsi_newsfeed_virt,282
Talgo,fra_jsi_newsfeed_virt,281
Talquistina,fra_jsi_newsfeed_virt,0
TBO,fra_jsi_newsfeed_virt,118
Telefónica,fra_jsi_newsfeed_virt,1193
Thrombocid,fra_jsi_newsfeed_virt,0
Tiritas,fra_jsi_newsfeed_virt,0
TostaRica,fra_jsi_newsfeed_virt,0
Trident,fra_jsi_newsfeed_virt,11895
Trinaranjus,fra_jsi_newsfeed_virt,0
Uralita,fra_jsi_newsfeed_virt,14
Vaselina,fra_jsi_newsfeed_virt,6
Ventolin,fra_jsi_newsfeed_virt,794
Viakal,fra_jsi_newsfeed_virt,2
Vitalínea,fra_jsi_newsfeed_virt,0
Voltadol,fra_jsi_newsfeed_virt,1
Voltarén,fra_jsi_newsfeed_virt,0
Wamba,fra_jsi_newsfeed_virt,6850
Zumosol,fra_jsi_newsfeed_virt,0
Zumosol,spa_jsi_newsfeed_virt,1028
7up,fra_jsi_newsfeed_virt,0
Ballantine's,fra_jsi_newsfeed_virt,0
Blédidej,fra_jsi_newsfeed_virt,0
Blédîner,fra_jsi_newsfeed_virt,0
Cello-tape,fra_jsi_newsfeed_virt,0
Dr. Martens,fra_jsi_newsfeed_virt,0
Fruit d'or,fra_jsi_newsfeed_virt,0
H&S,fra_jsi_newsfeed_virt,0
Kellogg's,fra_jsi_newsfeed_virt,0
Kellogg’s Corn Flakes,fra_jsi_newsfeed_virt,0
Lay's,fra_jsi_newsfeed_virt,0
Levi's,fra_jsi_newsfeed_virt,0
M&M's,fra_jsi_newsfeed_virt,0
Moët & Chandon,fra_jsi_newsfeed_virt,0
Mr. Propre,fra_jsi_newsfeed_virt,0
Pim's,fra_jsi_newsfeed_virt,0
Pom'Potes,fra_jsi_newsfeed_virt,0
Postéclair,fra_jsi_newsfeed_virt,0
Reese's,fra_jsi_newsfeed_virt,0
Scotch Brite,fra_jsi_newsfeed_virt,0
Supertite,fra_jsi_newsfeed_virt,0
Telepromter,fra_jsi_newsfeed_virt,0
Teraxyl,fra_jsi_newsfeed_virt,0
Tiffany & Co.,fra_jsi_newsfeed_virt,0
Vitroclen,fra_jsi_newsfeed_virt,0
Wipp Express,fra_jsi_newsfeed_virt,0
Yopa!,fra_jsi_newsfeed_virt,0
3-EN-UNO,fra_jsi_newsfeed_virt,0
Afterbite,fra_jsi_newsfeed_virt,0
Algidol,fra_jsi_newsfeed_virt,0
Avecrem,fra_jsi_newsfeed_virt,0
Bifrutas,fra_jsi_newsfeed_virt,0
Biodramina,fra_jsi_newsfeed_virt,0
Bisolfren,fra_jsi_newsfeed_virt,0
Bisolgrip,fra_jsi_newsfeed_virt,0
Bitter Kas,fra_jsi_newsfeed_virt,0
Bollycao,fra_jsi_newsfeed_virt,0
Celofán,fra_jsi_newsfeed_virt,0
Chiquilín,fra_jsi_newsfeed_virt,0
Choleck,fra_jsi_newsfeed_virt,0
Chufi,fra_jsi_newsfeed_virt,0
